time,lon,lat,depth_m,species
2022-08-15T00:00:00Z,48.08682,-13.39378,25.9,madagascar_whale_sharks
2022-08-15T00:00:00Z,48.1016,-13.32373,28.7,madagascar_whale_sharks
2022-08-18T00:00:00Z,48.13702,-13.45502,28.9,madagascar_whale_sharks
2022-08-21T00:00:00Z,48.00442,-13.43355,22.0,madagascar_whale_sharks
2022-08-21T00:00:00Z,48.0241,-13.29677,17.0,madagascar_whale_sharks
2022-09-01T00:00:00Z,48.119,-13.19998,20.8,madagascar_whale_sharks
2022-09-08T00:00:00Z,48.33003,-13.16998,19.2,madagascar_whale_sharks
2022-09-08T00:00:00Z,48.07013,-13.51258,27.2,madagascar_whale_sharks
2022-09-08T00:00:00Z,48.236,-13.0691,18.2,madagascar_whale_sharks
2022-12-08T00:00:00Z,48.1016,-13.32373,28.7,madagascar_whale_sharks
2022-12-08T00:00:00Z,48.08682,-13.39378,25.9,madagascar_whale_sharks
2022-12-08T00:00:00Z,48.13702,-13.45502,28.9,madagascar_whale_sharks
2022-12-09T00:00:00Z,48.236,-13.0691,18.2,madagascar_whale_sharks
2022-12-09T00:00:00Z,48.119,-13.19998,20.8,madagascar_whale_sharks
2022-12-13T00:00:00Z,48.00442,-13.43355,22.0,madagascar_whale_sharks
2022-12-13T00:00:00Z,48.0241,-13.29677,17.0,madagascar_whale_sharks
2022-12-20T00:00:00Z,47.90408,-13.49013,23.8,madagascar_whale_sharks
2023-06-09T00:00:00Z,48.08682,-13.39378,25.9,madagascar_whale_sharks
2023-06-09T00:00:00Z,48.13702,-13.45502,28.9,madagascar_whale_sharks
2023-06-09T00:00:00Z,48.1016,-13.32373,28.7,madagascar_whale_sharks
2023-06-10T00:00:00Z,47.90408,-13.49013,23.8,madagascar_whale_sharks
2023-06-10T00:00:00Z,48.00442,-13.43355,22.0,madagascar_whale_sharks
2023-06-14T00:00:00Z,48.236,-13.0691,18.2,madagascar_whale_sharks
2023-06-14T00:00:00Z,48.119,-13.19998,20.8,madagascar_whale_sharks
2023-06-14T00:00:00Z,48.0241,-13.29677,17.0,madagascar_whale_sharks
2023-12-22T00:00:00Z,48.13702,-13.45502,28.9,madagascar_whale_sharks
2023-12-22T00:00:00Z,48.00442,-13.43355,22.0,madagascar_whale_sharks
2023-12-22T00:00:00Z,48.08682,-13.39378,25.9,madagascar_whale_sharks
2023-12-22T00:00:00Z,47.90408,-13.49013,23.8,madagascar_whale_sharks
2023-12-23T00:00:00Z,48.119,-13.19998,20.8,madagascar_whale_sharks
2023-12-23T00:00:00Z,48.0241,-13.29677,17.0,madagascar_whale_sharks
2023-12-23T00:00:00Z,48.236,-13.0691,18.2,madagascar_whale_sharks
2024-08-30T00:00:00Z,48.13702,-13.45502,28.9,madagascar_whale_sharks
2024-08-30T00:00:00Z,48.00442,-13.43355,22.0,madagascar_whale_sharks
2024-08-30T00:00:00Z,48.08682,-13.39378,25.9,madagascar_whale_sharks
2024-08-30T00:00:00Z,47.90408,-13.49013,23.8,madagascar_whale_sharks
2024-09-01T00:00:00Z,48.119,-13.19998,20.8,madagascar_whale_sharks
2024-09-01T00:00:00Z,48.1016,-13.32373,28.7,madagascar_whale_sharks
2024-09-01T00:00:00Z,48.0241,-13.29677,17.0,madagascar_whale_sharks
2024-09-01T00:00:00Z,48.236,-13.0691,18.2,madagascar_whale_sharks
2024-12-11T00:00:00Z,48.08682,-13.39378,25.9,madagascar_whale_sharks
2024-12-11T00:00:00Z,48.1016,-13.32373,28.7,madagascar_whale_sharks
2024-12-19T00:00:00Z,48.0241,-13.29677,17.0,madagascar_whale_sharks
2024-12-19T00:00:00Z,48.119,-13.19998,20.8,madagascar_whale_sharks
2024-12-19T00:00:00Z,47.90408,-13.49013,23.8,madagascar_whale_sharks
2024-12-19T00:00:00Z,48.00442,-13.43355,22.0,madagascar_whale_sharks
2024-12-19T00:00:00Z,48.236,-13.0691,18.2,madagascar_whale_sharks
2024-12-20T00:00:00Z,48.13702,-13.45502,28.9,madagascar_whale_sharks
2009-08-17T00:00:00Z,-146.09345,60.7345,32.7,salmon_sharks
2009-08-17T00:00:00Z,-146.10708,60.718,45.4,salmon_sharks
2009-08-17T00:00:00Z,-146.06282,60.75683,30.9,salmon_sharks
2009-08-17T00:00:00Z,-146.0764,60.74775,50.9,salmon_sharks
2009-08-17T00:00:00Z,-146.15873,60.70338,36.4,salmon_sharks
2009-08-17T00:00:00Z,-146.09137,60.75922,23.6,salmon_sharks
2009-08-17T00:00:00Z,-146.14082,60.72735,45.4,salmon_sharks
2010-07-16T00:00:00Z,-146.15873,60.70338,36.4,salmon_sharks
2010-07-16T00:00:00Z,-146.14082,60.72735,45.4,salmon_sharks
2010-07-16T00:00:00Z,-146.10708,60.718,45.4,salmon_sharks
2010-07-17T00:00:00Z,-146.09345,60.7345,32.7,salmon_sharks
2010-07-17T00:00:00Z,-146.0764,60.74775,50.9,salmon_sharks
2010-07-19T00:00:00Z,-146.139,60.711,22.7,salmon_sharks
2010-09-21T00:00:00Z,-146.139,60.711,22.7,salmon_sharks
2010-09-21T00:00:00Z,-146.10708,60.718,45.4,salmon_sharks
2010-09-21T00:00:00Z,-146.14082,60.72735,45.4,salmon_sharks
2010-09-21T00:00:00Z,-146.09345,60.7345,32.7,salmon_sharks
2010-09-21T00:00:00Z,-146.0764,60.74775,50.9,salmon_sharks
2010-09-21T00:00:00Z,-146.15873,60.70338,36.4,salmon_sharks
2011-08-13T00:00:00Z,-146.09345,60.7345,32.7,salmon_sharks
2011-08-13T00:00:00Z,-146.0764,60.74775,50.9,salmon_sharks
2011-08-13T00:00:00Z,-146.14082,60.72735,45.4,salmon_sharks
2011-08-13T00:00:00Z,-146.15873,60.70338,36.4,salmon_sharks
2011-08-13T00:00:00Z,-146.139,60.711,22.7,salmon_sharks
2011-08-16T00:00:00Z,-146.09345,60.7345,32.7,salmon_sharks
2024-05-12T00:00:00Z,166.74207,-45.59535,21.0,sevengill_sharks
2024-05-13T00:00:00Z,166.70358,-45.59265,18.0,sevengill_sharks
2024-05-13T00:00:00Z,166.69836,-45.59848,23.5,sevengill_sharks
2024-05-13T00:00:00Z,166.70084,-45.58243,17.2,sevengill_sharks
2024-05-13T00:00:00Z,166.69907,-45.58802,344.0,sevengill_sharks
2024-05-13T00:00:00Z,166.68463,-45.59944,17.0,sevengill_sharks
2024-05-14T00:00:00Z,166.77344,-45.58648,18.0,sevengill_sharks
2024-05-14T00:00:00Z,166.72859,-45.59747,17.5,sevengill_sharks
2024-05-14T00:00:00Z,166.76849,-45.57906,19.5,sevengill_sharks
2024-05-14T00:00:00Z,166.7168,-45.59335,122.0,sevengill_sharks
2024-05-14T00:00:00Z,166.75111,-45.57465,11.0,sevengill_sharks
2024-05-14T00:00:00Z,166.79045,-45.56961,12.0,sevengill_sharks
2024-05-15T00:00:00Z,166.80688,-45.5511,14.0,sevengill_sharks
2024-05-15T00:00:00Z,166.81622,-45.56177,15.0,sevengill_sharks
2024-05-15T00:00:00Z,166.81308,-45.55451,17.0,sevengill_sharks
2024-05-15T00:00:00Z,166.8219,-45.56566,23.0,sevengill_sharks
2024-05-16T00:00:00Z,166.88324,-45.54464,16.5,sevengill_sharks
2024-05-16T00:00:00Z,166.91,-45.56306,18.0,sevengill_sharks
2024-05-16T00:00:00Z,166.87177,-45.54382,22.5,sevengill_sharks
2024-05-16T00:00:00Z,166.91731,-45.55635,17.5,sevengill_sharks
2024-05-16T00:00:00Z,166.96986,-45.55003,30.0,sevengill_sharks
2024-05-17T00:00:00Z,166.7185,-45.65842,17.0,sevengill_sharks
2024-05-17T00:00:00Z,166.66199,-45.7531,13.6,sevengill_sharks
2024-05-17T00:00:00Z,166.66377,-45.76054,15.2,sevengill_sharks
2024-05-17T00:00:00Z,166.73254,-45.6585,16.1,sevengill_sharks
2024-05-17T00:00:00Z,166.73038,-45.72844,22.0,sevengill_sharks
2024-05-18T00:00:00Z,166.79628,-45.71561,21.5,sevengill_sharks
2024-05-18T00:00:00Z,166.87614,-45.73164,16.0,sevengill_sharks
2024-05-18T00:00:00Z,166.79639,-45.72695,15.6,sevengill_sharks
2021-10-10T00:00:00Z,-149.57064,-16.99456,5.5,teiteora_sharks
2021-10-10T00:00:00Z,-149.56355,-16.99249,2.5,teiteora_sharks
2021-10-10T00:00:00Z,-149.55385,-16.99993,13.5,teiteora_sharks
2021-10-10T00:00:00Z,-149.54091,-17.02796,1.5,teiteora_sharks
2021-10-10T00:00:00Z,-149.57486,-17.01827,1.4,teiteora_sharks
2021-10-10T00:00:00Z,-149.57318,-17.0057,7.5,teiteora_sharks
2021-10-10T00:00:00Z,-149.54333,-17.0023,4.5,teiteora_sharks
2021-10-10T00:00:00Z,-149.5557,-17.01204,13.0,teiteora_sharks
2021-10-11T00:00:00Z,-149.53843,-17.01689,1.5,teiteora_sharks
2022-11-04T00:00:00Z,-149.57486,-17.01827,1.4,teiteora_sharks
2022-11-04T00:00:00Z,-149.53843,-17.01689,1.5,teiteora_sharks
2022-11-04T00:00:00Z,-149.56355,-16.99249,2.5,teiteora_sharks
2022-11-04T00:00:00Z,-149.54091,-17.02796,1.5,teiteora_sharks
2022-11-04T00:00:00Z,-149.54333,-17.0023,4.5,teiteora_sharks
2022-11-04T00:00:00Z,-149.57318,-17.0057,7.5,teiteora_sharks
2022-11-04T00:00:00Z,-149.57064,-16.99456,5.5,teiteora_sharks
2022-11-04T00:00:00Z,-149.5557,-17.01204,13.0,teiteora_sharks
2022-11-04T00:00:00Z,-149.55385,-16.99993,13.5,teiteora_sharks
2023-02-25T00:00:00Z,-149.56355,-16.99249,2.5,teiteora_sharks
2023-02-25T00:00:00Z,-149.54333,-17.0023,4.5,teiteora_sharks
2023-10-20T00:00:00Z,-149.57486,-17.01827,1.4,teiteora_sharks
2023-10-20T00:00:00Z,-149.5557,-17.01204,13.0,teiteora_sharks
2023-10-20T00:00:00Z,-149.54091,-17.02796,1.5,teiteora_sharks
2023-10-20T00:00:00Z,-149.55385,-16.99993,13.5,teiteora_sharks
2023-10-20T00:00:00Z,-149.53843,-17.01689,1.5,teiteora_sharks
2023-10-21T00:00:00Z,-149.54111,-17.03447,1.4,teiteora_sharks
2023-10-24T00:00:00Z,-149.56355,-16.99249,2.5,teiteora_sharks
2023-10-24T00:00:00Z,-149.54333,-17.0023,4.5,teiteora_sharks
2023-10-25T00:00:00Z,-149.57064,-16.99456,5.5,teiteora_sharks
2024-02-28T00:00:00Z,-149.54111,-17.03447,1.4,teiteora_sharks
2024-02-28T00:00:00Z,-149.53843,-17.01689,1.5,teiteora_sharks
2024-02-28T00:00:00Z,-149.57318,-17.0057,7.5,teiteora_sharks
2024-02-28T00:00:00Z,-149.57064,-16.99456,5.5,teiteora_sharks
2024-02-28T00:00:00Z,-149.57486,-17.01827,1.4,teiteora_sharks
2024-02-28T00:00:00Z,-149.5557,-17.01204,13.0,teiteora_sharks
2024-02-28T00:00:00Z,-149.56355,-16.99249,2.5,teiteora_sharks
2024-02-28T00:00:00Z,-149.54333,-17.0023,4.5,teiteora_sharks
2024-02-28T00:00:00Z,-149.54091,-17.02796,1.5,teiteora_sharks
2024-02-28T00:00:00Z,-149.55385,-16.99993,13.5,teiteora_sharks
2024-10-15T00:00:00Z,-149.57486,-17.01827,1.4,teiteora_sharks
2024-10-15T00:00:00Z,-149.54091,-17.02796,1.5,teiteora_sharks
2024-10-15T00:00:00Z,-149.5557,-17.01204,13.0,teiteora_sharks
2024-10-15T00:00:00Z,-149.53843,-17.01689,1.5,teiteora_sharks
2024-10-16T00:00:00Z,-149.57318,-17.0057,7.5,teiteora_sharks
2024-10-16T00:00:00Z,-149.54333,-17.0023,4.5,teiteora_sharks
2024-10-16T00:00:00Z,-149.54111,-17.03447,1.4,teiteora_sharks
2024-10-16T00:00:00Z,-149.56355,-16.99249,2.5,teiteora_sharks
2024-10-16T00:00:00Z,-149.57064,-16.99456,5.5,teiteora_sharks
2024-10-16T00:00:00Z,-149.55385,-16.99993,13.5,teiteora_sharks
2024-10-16T00:00:00Z,-149.5914,-17.02515,2.0,teiteora_sharks
2024-10-17T00:00:00Z,-149.58412,-17.00416,1.5,teiteora_sharks
2024-10-17T00:00:00Z,-149.54917,-17.03785,2.0,teiteora_sharks
2024-10-19T00:00:00Z,-149.56657,-16.98488,0.5,teiteora_sharks
2009-10-13T00:00:00Z,-60.19482,47.16046,196.0,white_sharks_acoustic
2009-10-13T00:00:00Z,-60.27562,47.10633,176.0,white_sharks_acoustic
2009-10-13T00:00:00Z,-60.18748,47.16538,187.0,white_sharks_acoustic
2009-10-13T00:00:00Z,-60.26827,47.11125,177.0,white_sharks_acoustic
2009-10-13T00:00:00Z,-60.23155,47.13585,185.0,white_sharks_acoustic
2009-10-13T00:00:00Z,-60.23889,47.13093,183.0,white_sharks_acoustic
2009-10-13T00:00:00Z,-60.18013,47.1703,183.0,white_sharks_acoustic
2009-10-13T00:00:00Z,-60.25358,47.12109,177.0,white_sharks_acoustic
2009-10-13T00:00:00Z,-60.26093,47.11617,179.0,white_sharks_acoustic
2009-10-13T00:00:00Z,-60.21686,47.1457,187.0,white_sharks_acoustic
2009-10-13T00:00:00Z,-60.24624,47.12601,181.0,white_sharks_acoustic
2009-10-13T00:00:00Z,-60.20217,47.15554,203.0,white_sharks_acoustic
2009-10-13T00:00:00Z,-60.20951,47.15062,198.0,white_sharks_acoustic
2009-10-13T00:00:00Z,-60.2242,47.14077,192.0,white_sharks_acoustic
2009-10-13T00:00:00Z,-60.28296,47.10141,170.0,white_sharks_acoustic
2009-10-21T00:00:00Z,-60.09399,47.26447,241.0,white_sharks_acoustic
2009-10-21T00:00:00Z,-60.09861,47.25806,168.0,white_sharks_acoustic
2009-10-21T00:00:00Z,-60.08936,47.27088,289.0,white_sharks_acoustic
2009-10-21T00:00:00Z,-60.08011,47.2837,371.0,white_sharks_acoustic
2009-10-21T00:00:00Z,-60.16544,47.18014,34.0,white_sharks_acoustic
2009-10-21T00:00:00Z,-60.17279,47.17522,100.0,white_sharks_acoustic
2009-10-21T00:00:00Z,-60.08473,47.27729,349.0,white_sharks_acoustic
2009-10-21T00:00:00Z,-60.07548,47.29012,391.0,white_sharks_acoustic
2009-11-11T00:00:00Z,-60.3711,47.04235,86.0,white_sharks_acoustic
2009-11-11T00:00:00Z,-60.33438,47.06696,162.0,white_sharks_acoustic
2009-11-11T00:00:00Z,-60.37845,47.03743,44.0,white_sharks_acoustic
2009-11-11T00:00:00Z,-60.29765,47.09156,162.0,white_sharks_acoustic
2009-11-11T00:00:00Z,-60.31969,47.0768,162.0,white_sharks_acoustic
2009-11-11T00:00:00Z,-60.35641,47.0522,154.0,white_sharks_acoustic
2009-11-11T00:00:00Z,-60.31234,47.08172,160.0,white_sharks_acoustic
2009-11-11T00:00:00Z,-60.34172,47.06204,159.0,white_sharks_acoustic
2009-11-11T00:00:00Z,-60.38579,47.03251,18.0,white_sharks_acoustic
2009-11-11T00:00:00Z,-60.32703,47.07188,165.0,white_sharks_acoustic
2009-11-11T00:00:00Z,-60.305,47.08664,170.0,white_sharks_acoustic
2009-11-11T00:00:00Z,-60.34907,47.05712,154.0,white_sharks_acoustic
2009-11-11T00:00:00Z,-60.29031,47.09649,166.0,white_sharks_acoustic
2009-11-11T00:00:00Z,-60.36376,47.04728,154.0,white_sharks_acoustic
2010-08-19T00:00:00Z,-60.305,47.08664,170.0,white_sharks_acoustic
2010-08-19T00:00:00Z,-60.20951,47.15062,198.0,white_sharks_acoustic
2010-08-19T00:00:00Z,-60.29765,47.09156,162.0,white_sharks_acoustic
2010-08-19T00:00:00Z,-60.17279,47.17522,100.0,white_sharks_acoustic
2010-08-19T00:00:00Z,-60.19482,47.16046,196.0,white_sharks_acoustic
2010-08-19T00:00:00Z,-60.23889,47.13093,183.0,white_sharks_acoustic
2010-08-19T00:00:00Z,-60.18748,47.16538,187.0,white_sharks_acoustic
2010-08-19T00:00:00Z,-60.23155,47.13585,185.0,white_sharks_acoustic
2010-08-19T00:00:00Z,-60.21686,47.1457,187.0,white_sharks_acoustic
2010-08-19T00:00:00Z,-60.25358,47.12109,177.0,white_sharks_acoustic
2010-08-19T00:00:00Z,-60.27562,47.10633,176.0,white_sharks_acoustic
2010-08-19T00:00:00Z,-60.26827,47.11125,177.0,white_sharks_acoustic
2010-08-19T00:00:00Z,-60.26093,47.11617,179.0,white_sharks_acoustic
2010-08-19T00:00:00Z,-60.2242,47.14077,192.0,white_sharks_acoustic
2010-08-19T00:00:00Z,-60.28296,47.10141,170.0,white_sharks_acoustic
2010-08-19T00:00:00Z,-60.16544,47.18014,34.0,white_sharks_acoustic
2010-08-19T00:00:00Z,-60.24624,47.12601,181.0,white_sharks_acoustic
2010-08-19T00:00:00Z,-60.29031,47.09649,166.0,white_sharks_acoustic
2010-08-19T00:00:00Z,-60.18013,47.1703,183.0,white_sharks_acoustic
2010-08-19T00:00:00Z,-60.20217,47.15554,203.0,white_sharks_acoustic
2010-08-20T00:00:00Z,-60.36376,47.04728,154.0,white_sharks_acoustic
2010-08-20T00:00:00Z,-60.3711,47.04235,86.0,white_sharks_acoustic
2010-08-20T00:00:00Z,-60.38579,47.03251,18.0,white_sharks_acoustic
2010-08-20T00:00:00Z,-60.37845,47.03743,44.0,white_sharks_acoustic
2010-08-20T00:00:00Z,-60.35641,47.0522,154.0,white_sharks_acoustic
2010-08-20T00:00:00Z,-60.34907,47.05712,154.0,white_sharks_acoustic
2010-08-20T00:00:00Z,-60.31969,47.0768,162.0,white_sharks_acoustic
2010-08-20T00:00:00Z,-60.33438,47.06696,162.0,white_sharks_acoustic
2010-08-20T00:00:00Z,-60.31234,47.08172,160.0,white_sharks_acoustic
2010-08-20T00:00:00Z,-60.32703,47.07188,165.0,white_sharks_acoustic
2010-08-20T00:00:00Z,-60.34172,47.06204,159.0,white_sharks_acoustic
2010-10-13T00:00:00Z,-61.41024,45.64515,20.0,white_sharks_acoustic
2010-10-13T00:00:00Z,-61.41296,45.64264,56.0,white_sharks_acoustic
2010-10-13T00:00:00Z,-61.41961,45.65051,15.0,white_sharks_acoustic
2010-10-25T00:00:00Z,-60.07085,47.29653,406.0,white_sharks_acoustic
2010-10-25T00:00:00Z,-60.0616,47.30935,406.0,white_sharks_acoustic
2010-10-25T00:00:00Z,-60.07548,47.29012,391.0,white_sharks_acoustic
2010-10-25T00:00:00Z,-60.0616,47.30935,406.0,white_sharks_acoustic
2010-10-25T00:00:00Z,-60.06623,47.30294,404.0,white_sharks_acoustic
2010-10-25T00:00:00Z,-60.07085,47.29653,406.0,white_sharks_acoustic
2010-10-25T00:00:00Z,-60.08473,47.27729,349.0,white_sharks_acoustic
2010-10-25T00:00:00Z,-60.08011,47.2837,371.0,white_sharks_acoustic
2010-10-25T00:00:00Z,-60.07548,47.29012,391.0,white_sharks_acoustic
2010-10-25T00:00:00Z,-60.08011,47.2837,371.0,white_sharks_acoustic
2010-10-25T00:00:00Z,-60.08473,47.27729,349.0,white_sharks_acoustic
2010-10-25T00:00:00Z,-60.06623,47.30294,404.0,white_sharks_acoustic
2011-04-21T00:00:00Z,-61.41024,45.64515,20.0,white_sharks_acoustic
2011-04-21T00:00:00Z,-61.41296,45.64264,56.0,white_sharks_acoustic
2011-04-21T00:00:00Z,-61.41961,45.65051,15.0,white_sharks_acoustic
2011-07-16T00:00:00Z,-60.35641,47.0522,154.0,white_sharks_acoustic
2011-07-16T00:00:00Z,-60.34907,47.05712,154.0,white_sharks_acoustic
2011-07-16T00:00:00Z,-60.2242,47.14077,192.0,white_sharks_acoustic
2011-07-16T00:00:00Z,-60.18013,47.1703,183.0,white_sharks_acoustic
2011-07-16T00:00:00Z,-60.21686,47.1457,187.0,white_sharks_acoustic
2011-07-16T00:00:00Z,-60.25358,47.12109,177.0,white_sharks_acoustic
2011-07-16T00:00:00Z,-60.28296,47.10141,170.0,white_sharks_acoustic
2011-07-16T00:00:00Z,-60.21686,47.1457,187.0,white_sharks_acoustic
2011-07-16T00:00:00Z,-60.16544,47.18014,34.0,white_sharks_acoustic
2011-07-16T00:00:00Z,-60.19482,47.16046,196.0,white_sharks_acoustic
2011-07-16T00:00:00Z,-60.23889,47.13093,183.0,white_sharks_acoustic
2011-07-16T00:00:00Z,-60.29031,47.09649,166.0,white_sharks_acoustic
2011-07-16T00:00:00Z,-60.3711,47.04235,86.0,white_sharks_acoustic
2011-07-16T00:00:00Z,-60.27562,47.10633,176.0,white_sharks_acoustic
2011-07-16T00:00:00Z,-60.18748,47.16538,187.0,white_sharks_acoustic
2011-07-16T00:00:00Z,-60.38579,47.03251,18.0,white_sharks_acoustic
2011-07-16T00:00:00Z,-60.31969,47.0768,162.0,white_sharks_acoustic
2011-07-16T00:00:00Z,-60.28296,47.10141,170.0,white_sharks_acoustic
2011-07-16T00:00:00Z,-60.305,47.08664,170.0,white_sharks_acoustic
2011-07-16T00:00:00Z,-60.34907,47.05712,154.0,white_sharks_acoustic
2011-07-16T00:00:00Z,-60.20951,47.15062,198.0,white_sharks_acoustic
2011-07-16T00:00:00Z,-60.32703,47.07188,165.0,white_sharks_acoustic
2011-07-16T00:00:00Z,-60.19482,47.16046,196.0,white_sharks_acoustic
2011-07-16T00:00:00Z,-60.26827,47.11125,177.0,white_sharks_acoustic
2011-07-16T00:00:00Z,-60.16544,47.18014,34.0,white_sharks_acoustic
2011-07-16T00:00:00Z,-60.26093,47.11617,179.0,white_sharks_acoustic
2011-07-16T00:00:00Z,-60.23155,47.13585,185.0,white_sharks_acoustic
2011-07-16T00:00:00Z,-60.37845,47.03743,44.0,white_sharks_acoustic
2011-07-16T00:00:00Z,-60.29765,47.09156,162.0,white_sharks_acoustic
2011-07-16T00:00:00Z,-60.31969,47.0768,162.0,white_sharks_acoustic
2011-07-16T00:00:00Z,-60.25358,47.12109,177.0,white_sharks_acoustic
2011-07-16T00:00:00Z,-60.17279,47.17522,100.0,white_sharks_acoustic
2011-07-16T00:00:00Z,-60.37845,47.03743,44.0,white_sharks_acoustic
2011-07-16T00:00:00Z,-60.33438,47.06696,162.0,white_sharks_acoustic
2011-07-17T00:00:00Z,-60.34172,47.06204,159.0,white_sharks_acoustic
2011-07-17T00:00:00Z,-60.31234,47.08172,160.0,white_sharks_acoustic
2011-07-17T00:00:00Z,-60.36376,47.04728,154.0,white_sharks_acoustic
2011-07-17T00:00:00Z,-60.20217,47.15554,203.0,white_sharks_acoustic
2011-07-17T00:00:00Z,-60.24624,47.12601,181.0,white_sharks_acoustic
2011-09-21T00:00:00Z,-60.20002,47.29044,262.0,white_sharks_acoustic
2011-09-21T00:00:00Z,-60.16544,47.18014,34.0,white_sharks_acoustic
2011-09-21T00:00:00Z,-60.18748,47.16538,187.0,white_sharks_acoustic
2011-09-21T00:00:00Z,-60.15598,47.24251,192.0,white_sharks_acoustic
2011-09-21T00:00:00Z,-60.25818,47.36422,238.0,white_sharks_acoustic
2011-09-21T00:00:00Z,-60.24827,47.36686,274.0,white_sharks_acoustic
2011-09-21T00:00:00Z,-60.172,47.26024,254.0,white_sharks_acoustic
2011-09-21T00:00:00Z,-60.17856,47.26631,260.0,white_sharks_acoustic
2011-09-21T00:00:00Z,-60.25682,47.34971,219.0,white_sharks_acoustic
2011-09-21T00:00:00Z,-60.16687,47.25456,241.0,white_sharks_acoustic
2011-09-21T00:00:00Z,-60.1892,47.27787,263.0,white_sharks_acoustic
2011-09-21T00:00:00Z,-60.23367,47.32577,274.0,white_sharks_acoustic
2011-09-21T00:00:00Z,-60.18332,47.27216,263.0,white_sharks_acoustic
2011-09-21T00:00:00Z,-60.26799,47.36147,208.0,white_sharks_acoustic
2011-09-21T00:00:00Z,-60.26201,47.35536,183.0,white_sharks_acoustic
2011-09-21T00:00:00Z,-60.21179,47.30174,265.0,white_sharks_acoustic
2011-09-21T00:00:00Z,-60.14321,47.2304,73.0,white_sharks_acoustic
2011-09-21T00:00:00Z,-60.22848,47.31983,274.0,white_sharks_acoustic
2011-09-21T00:00:00Z,-59.86603,47.46958,500.0,white_sharks_acoustic
2011-09-21T00:00:00Z,-60.21822,47.3083,265.0,white_sharks_acoustic
2011-09-21T00:00:00Z,-60.19514,47.28408,262.0,white_sharks_acoustic
2011-09-21T00:00:00Z,-60.24009,47.33164,274.0,white_sharks_acoustic
2011-09-21T00:00:00Z,-60.20596,47.29622,263.0,white_sharks_acoustic
2011-09-21T00:00:00Z,-60.25138,47.34366,274.0,white_sharks_acoustic
2011-09-21T00:00:00Z,-60.16113,47.248,219.0,white_sharks_acoustic
2011-09-21T00:00:00Z,-60.22301,47.31376,265.0,white_sharks_acoustic
2011-09-21T00:00:00Z,-60.2451,47.33783,274.0,white_sharks_acoustic
2011-09-21T00:00:00Z,-60.15036,47.23634,238.0,white_sharks_acoustic
2011-10-19T00:00:00Z,-59.38506,47.59851,285.0,white_sharks_acoustic
2011-10-19T00:00:00Z,-59.34628,47.60845,192.0,white_sharks_acoustic
2011-10-19T00:00:00Z,-59.3165,47.61721,37.0,white_sharks_acoustic
2011-10-19T00:00:00Z,-59.33612,47.61118,117.0,white_sharks_acoustic
2011-10-19T00:00:00Z,-59.32648,47.61362,55.0,white_sharks_acoustic
2011-10-19T00:00:00Z,-59.35598,47.60643,230.0,white_sharks_acoustic
2011-10-19T00:00:00Z,-59.36543,47.60336,254.0,white_sharks_acoustic
2011-10-19T00:00:00Z,-59.37526,47.60041,271.0,white_sharks_acoustic
2011-10-21T00:00:00Z,-60.29765,47.09156,162.0,white_sharks_acoustic
2011-10-21T00:00:00Z,-60.21686,47.1457,187.0,white_sharks_acoustic
2011-10-21T00:00:00Z,-60.3711,47.04235,86.0,white_sharks_acoustic
2011-10-21T00:00:00Z,-60.26827,47.11125,177.0,white_sharks_acoustic
2011-10-21T00:00:00Z,-60.27562,47.10633,176.0,white_sharks_acoustic
2011-10-21T00:00:00Z,-60.35641,47.0522,154.0,white_sharks_acoustic
2011-10-21T00:00:00Z,-60.305,47.08664,170.0,white_sharks_acoustic
2011-10-21T00:00:00Z,-60.23155,47.13585,185.0,white_sharks_acoustic
2011-10-21T00:00:00Z,-60.37845,47.03743,44.0,white_sharks_acoustic
2011-10-21T00:00:00Z,-60.37845,47.03743,44.0,white_sharks_acoustic
2011-10-21T00:00:00Z,-60.33438,47.06696,162.0,white_sharks_acoustic
2011-10-21T00:00:00Z,-60.21686,47.1457,187.0,white_sharks_acoustic
2012-04-12T00:00:00Z,-59.33612,47.61118,117.0,white_sharks_acoustic
2012-04-12T00:00:00Z,-59.38506,47.59851,285.0,white_sharks_acoustic
2012-04-12T00:00:00Z,-59.35598,47.60643,230.0,white_sharks_acoustic
2012-04-12T00:00:00Z,-59.37526,47.60041,271.0,white_sharks_acoustic
2012-04-12T00:00:00Z,-59.32648,47.61362,55.0,white_sharks_acoustic
2012-04-12T00:00:00Z,-59.3165,47.61721,37.0,white_sharks_acoustic
2012-04-12T00:00:00Z,-59.36543,47.60336,254.0,white_sharks_acoustic
2012-04-12T00:00:00Z,-59.34628,47.60845,192.0,white_sharks_acoustic
2012-04-14T00:00:00Z,-59.86603,47.46958,500.0,white_sharks_acoustic
2012-04-19T00:00:00Z,-60.15036,47.23634,238.0,white_sharks_acoustic
2012-04-19T00:00:00Z,-60.16544,47.18014,34.0,white_sharks_acoustic
2012-04-19T00:00:00Z,-60.21822,47.3083,265.0,white_sharks_acoustic
2012-04-19T00:00:00Z,-60.20217,47.15554,203.0,white_sharks_acoustic
2012-04-19T00:00:00Z,-60.26201,47.35536,183.0,white_sharks_acoustic
2012-04-19T00:00:00Z,-60.17856,47.26631,260.0,white_sharks_acoustic
2012-04-19T00:00:00Z,-60.25682,47.34971,219.0,white_sharks_acoustic
2012-04-19T00:00:00Z,-60.2451,47.33783,274.0,white_sharks_acoustic
2012-04-19T00:00:00Z,-60.25138,47.34366,274.0,white_sharks_acoustic
2012-04-19T00:00:00Z,-60.22301,47.31376,265.0,white_sharks_acoustic
2012-04-19T00:00:00Z,-60.20002,47.29044,262.0,white_sharks_acoustic
2012-04-19T00:00:00Z,-60.15598,47.24251,192.0,white_sharks_acoustic
2012-04-19T00:00:00Z,-60.18748,47.16538,187.0,white_sharks_acoustic
2012-04-19T00:00:00Z,-60.22848,47.31983,274.0,white_sharks_acoustic
2012-04-19T00:00:00Z,-60.1892,47.27787,263.0,white_sharks_acoustic
2012-04-19T00:00:00Z,-60.23367,47.32577,274.0,white_sharks_acoustic
2012-04-19T00:00:00Z,-60.24009,47.33164,274.0,white_sharks_acoustic
2012-04-19T00:00:00Z,-60.20596,47.29622,263.0,white_sharks_acoustic
2012-04-19T00:00:00Z,-60.26799,47.36147,208.0,white_sharks_acoustic
2012-04-19T00:00:00Z,-60.25818,47.36422,238.0,white_sharks_acoustic
2012-04-19T00:00:00Z,-60.172,47.26024,254.0,white_sharks_acoustic
2012-04-19T00:00:00Z,-60.17279,47.17522,100.0,white_sharks_acoustic
2012-04-19T00:00:00Z,-60.24827,47.36686,274.0,white_sharks_acoustic
2012-04-19T00:00:00Z,-60.16687,47.25456,241.0,white_sharks_acoustic
2012-04-19T00:00:00Z,-60.2242,47.14077,192.0,white_sharks_acoustic
2012-04-19T00:00:00Z,-60.21179,47.30174,265.0,white_sharks_acoustic
2012-04-19T00:00:00Z,-60.19482,47.16046,196.0,white_sharks_acoustic
2012-04-19T00:00:00Z,-60.14321,47.2304,73.0,white_sharks_acoustic
2012-04-19T00:00:00Z,-60.18013,47.1703,183.0,white_sharks_acoustic
2012-04-19T00:00:00Z,-60.20951,47.15062,198.0,white_sharks_acoustic
2012-04-19T00:00:00Z,-60.18332,47.27216,263.0,white_sharks_acoustic
2012-04-19T00:00:00Z,-60.16113,47.248,219.0,white_sharks_acoustic
2012-04-19T00:00:00Z,-60.19514,47.28408,262.0,white_sharks_acoustic
2012-04-20T00:00:00Z,-60.28296,47.10141,170.0,white_sharks_acoustic
2012-04-20T00:00:00Z,-60.34907,47.05712,154.0,white_sharks_acoustic
2012-04-20T00:00:00Z,-60.37845,47.03743,44.0,white_sharks_acoustic
2012-04-20T00:00:00Z,-60.33438,47.06696,162.0,white_sharks_acoustic
2012-04-20T00:00:00Z,-60.26093,47.11617,179.0,white_sharks_acoustic
2012-04-20T00:00:00Z,-60.35641,47.0522,154.0,white_sharks_acoustic
2012-04-20T00:00:00Z,-60.3711,47.04235,86.0,white_sharks_acoustic
2012-04-20T00:00:00Z,-60.24624,47.12601,181.0,white_sharks_acoustic
2012-04-20T00:00:00Z,-60.23155,47.13585,185.0,white_sharks_acoustic
2012-04-20T00:00:00Z,-60.27562,47.10633,176.0,white_sharks_acoustic
2012-04-20T00:00:00Z,-60.38579,47.03251,18.0,white_sharks_acoustic
2012-04-20T00:00:00Z,-60.32703,47.07188,165.0,white_sharks_acoustic
2012-04-20T00:00:00Z,-60.23889,47.13093,183.0,white_sharks_acoustic
2012-04-20T00:00:00Z,-60.25358,47.12109,177.0,white_sharks_acoustic
2012-04-20T00:00:00Z,-60.29031,47.09649,166.0,white_sharks_acoustic
2012-04-20T00:00:00Z,-60.29765,47.09156,162.0,white_sharks_acoustic
2012-04-20T00:00:00Z,-60.36376,47.04728,154.0,white_sharks_acoustic
2012-04-20T00:00:00Z,-60.21686,47.1457,187.0,white_sharks_acoustic
2012-04-20T00:00:00Z,-60.34172,47.06204,159.0,white_sharks_acoustic
2012-04-20T00:00:00Z,-60.305,47.08664,170.0,white_sharks_acoustic
2012-04-20T00:00:00Z,-60.31969,47.0768,162.0,white_sharks_acoustic
2012-04-20T00:00:00Z,-60.31234,47.08172,160.0,white_sharks_acoustic
2012-04-20T00:00:00Z,-60.26827,47.11125,177.0,white_sharks_acoustic
2012-04-21T00:00:00Z,-61.38004,45.60535,49.0,white_sharks_acoustic
2012-04-21T00:00:00Z,-61.43118,45.65673,42.0,white_sharks_acoustic
2012-09-08T00:00:00Z,-59.86603,47.46958,500.0,white_sharks_acoustic
2012-09-08T00:00:00Z,-59.86603,47.46958,500.0,white_sharks_acoustic
2012-09-08T00:00:00Z,-59.86455,47.47038,500.0,white_sharks_acoustic
2012-09-08T00:00:00Z,-59.85991,47.46844,495.0,white_sharks_acoustic
2012-09-08T00:00:00Z,-59.87212,47.46778,500.0,white_sharks_acoustic
2012-09-08T00:00:00Z,-59.86603,47.46958,500.0,white_sharks_acoustic
2012-09-12T00:00:00Z,-59.36543,47.60336,254.0,white_sharks_acoustic
2012-09-12T00:00:00Z,-59.33612,47.61118,117.0,white_sharks_acoustic
2012-09-12T00:00:00Z,-59.37526,47.60041,271.0,white_sharks_acoustic
2012-09-12T00:00:00Z,-59.38506,47.59851,285.0,white_sharks_acoustic
2012-09-12T00:00:00Z,-59.34628,47.60845,192.0,white_sharks_acoustic
2012-09-12T00:00:00Z,-59.32648,47.61362,55.0,white_sharks_acoustic
2012-09-12T00:00:00Z,-59.3165,47.61721,37.0,white_sharks_acoustic
2012-09-12T00:00:00Z,-59.35598,47.60643,230.0,white_sharks_acoustic
2012-09-24T00:00:00Z,-60.26201,47.35536,183.0,white_sharks_acoustic
2012-09-24T00:00:00Z,-60.21179,47.30174,265.0,white_sharks_acoustic
2012-09-24T00:00:00Z,-60.24009,47.33164,274.0,white_sharks_acoustic
2012-09-24T00:00:00Z,-60.1892,47.27787,263.0,white_sharks_acoustic
2012-09-24T00:00:00Z,-60.26799,47.36147,208.0,white_sharks_acoustic
2012-09-24T00:00:00Z,-60.172,47.26024,254.0,white_sharks_acoustic
2012-09-24T00:00:00Z,-60.22848,47.31983,274.0,white_sharks_acoustic
2012-09-24T00:00:00Z,-60.16113,47.248,219.0,white_sharks_acoustic
2012-09-24T00:00:00Z,-60.17856,47.26631,260.0,white_sharks_acoustic
2012-09-24T00:00:00Z,-60.25138,47.34366,274.0,white_sharks_acoustic
2012-09-24T00:00:00Z,-60.19514,47.28408,262.0,white_sharks_acoustic
2012-09-24T00:00:00Z,-60.18332,47.27216,263.0,white_sharks_acoustic
2012-09-24T00:00:00Z,-60.2451,47.33783,274.0,white_sharks_acoustic
2012-09-24T00:00:00Z,-60.25818,47.36422,238.0,white_sharks_acoustic
2012-09-24T00:00:00Z,-59.86603,47.46958,500.0,white_sharks_acoustic
2012-09-24T00:00:00Z,-60.21822,47.3083,265.0,white_sharks_acoustic
2012-09-24T00:00:00Z,-59.86603,47.46958,500.0,white_sharks_acoustic
2012-09-24T00:00:00Z,-60.23367,47.32577,274.0,white_sharks_acoustic
2012-09-24T00:00:00Z,-60.20002,47.29044,262.0,white_sharks_acoustic
2012-09-24T00:00:00Z,-60.22301,47.31376,265.0,white_sharks_acoustic
2012-09-24T00:00:00Z,-60.24827,47.36686,274.0,white_sharks_acoustic
2012-09-24T00:00:00Z,-60.20596,47.29622,263.0,white_sharks_acoustic
2012-09-24T00:00:00Z,-60.16687,47.25456,241.0,white_sharks_acoustic
2012-09-24T00:00:00Z,-59.86603,47.46958,500.0,white_sharks_acoustic
2012-09-24T00:00:00Z,-60.25682,47.34971,219.0,white_sharks_acoustic
2012-09-29T00:00:00Z,-60.25358,47.12109,177.0,white_sharks_acoustic
2012-09-29T00:00:00Z,-60.32703,47.07188,165.0,white_sharks_acoustic
2012-09-29T00:00:00Z,-60.17279,47.17522,100.0,white_sharks_acoustic
2012-09-29T00:00:00Z,-60.36376,47.04728,154.0,white_sharks_acoustic
2012-09-29T00:00:00Z,-60.19482,47.16046,196.0,white_sharks_acoustic
2012-09-29T00:00:00Z,-60.37845,47.03743,44.0,white_sharks_acoustic
2012-09-29T00:00:00Z,-60.07548,47.29012,391.0,white_sharks_acoustic
2012-09-29T00:00:00Z,-60.14321,47.2304,73.0,white_sharks_acoustic
2012-09-29T00:00:00Z,-60.29765,47.09156,162.0,white_sharks_acoustic
2012-09-29T00:00:00Z,-60.33438,47.06696,162.0,white_sharks_acoustic
2012-09-29T00:00:00Z,-60.18013,47.1703,183.0,white_sharks_acoustic
2012-09-29T00:00:00Z,-60.26093,47.11617,179.0,white_sharks_acoustic
2012-09-29T00:00:00Z,-60.28296,47.10141,170.0,white_sharks_acoustic
2012-09-29T00:00:00Z,-60.27562,47.10633,176.0,white_sharks_acoustic
2012-09-29T00:00:00Z,-60.34172,47.06204,159.0,white_sharks_acoustic
2012-09-29T00:00:00Z,-60.20951,47.15062,198.0,white_sharks_acoustic
2012-09-29T00:00:00Z,-60.2242,47.14077,192.0,white_sharks_acoustic
2012-09-29T00:00:00Z,-60.08011,47.2837,371.0,white_sharks_acoustic
2012-09-29T00:00:00Z,-60.34907,47.05712,154.0,white_sharks_acoustic
2012-09-29T00:00:00Z,-60.31969,47.0768,162.0,white_sharks_acoustic
2012-09-29T00:00:00Z,-60.35641,47.0522,154.0,white_sharks_acoustic
2012-09-29T00:00:00Z,-60.29031,47.09649,166.0,white_sharks_acoustic
2012-09-29T00:00:00Z,-60.38579,47.03251,18.0,white_sharks_acoustic
2012-09-29T00:00:00Z,-60.0616,47.30935,406.0,white_sharks_acoustic
2012-09-29T00:00:00Z,-60.18748,47.16538,187.0,white_sharks_acoustic
2012-09-29T00:00:00Z,-60.15598,47.24251,192.0,white_sharks_acoustic
2012-09-29T00:00:00Z,-60.24624,47.12601,181.0,white_sharks_acoustic
2012-09-29T00:00:00Z,-60.21686,47.1457,187.0,white_sharks_acoustic
2012-09-29T00:00:00Z,-60.15036,47.23634,238.0,white_sharks_acoustic
2012-09-29T00:00:00Z,-60.31234,47.08172,160.0,white_sharks_acoustic
2012-09-29T00:00:00Z,-60.16544,47.18014,34.0,white_sharks_acoustic
2012-09-29T00:00:00Z,-60.3711,47.04235,86.0,white_sharks_acoustic
2012-09-29T00:00:00Z,-60.08473,47.27729,349.0,white_sharks_acoustic
2012-09-29T00:00:00Z,-60.20217,47.15554,203.0,white_sharks_acoustic
2012-09-29T00:00:00Z,-60.06623,47.30294,404.0,white_sharks_acoustic
2012-09-29T00:00:00Z,-60.26827,47.11125,177.0,white_sharks_acoustic
2012-09-29T00:00:00Z,-60.305,47.08664,170.0,white_sharks_acoustic
2012-09-29T00:00:00Z,-60.23889,47.13093,183.0,white_sharks_acoustic
2012-09-29T00:00:00Z,-60.23155,47.13585,185.0,white_sharks_acoustic
2012-09-29T00:00:00Z,-60.07085,47.29653,406.0,white_sharks_acoustic
2012-09-30T00:00:00Z,-61.38004,45.60535,49.0,white_sharks_acoustic
2012-09-30T00:00:00Z,-61.43118,45.65673,42.0,white_sharks_acoustic
2013-07-29T00:00:00Z,-59.5771,47.4911,500.0,white_sharks_acoustic
2013-07-29T00:00:00Z,-59.4815,47.5374,500.0,white_sharks_acoustic
2013-07-29T00:00:00Z,-59.5079,47.5246,500.0,white_sharks_acoustic
2013-07-29T00:00:00Z,-59.3515,47.6003,238.0,white_sharks_acoustic
2013-07-29T00:00:00Z,-59.4553,47.55,500.0,white_sharks_acoustic
2013-07-29T00:00:00Z,-59.4553,47.55,500.0,white_sharks_acoustic
2013-07-29T00:00:00Z,-59.5602,47.4995,500.0,white_sharks_acoustic
2013-07-29T00:00:00Z,-59.4904,47.5332,500.0,white_sharks_acoustic
2013-07-29T00:00:00Z,-59.3256,47.6129,55.0,white_sharks_acoustic
2013-07-29T00:00:00Z,-59.5336,47.5122,500.0,white_sharks_acoustic
2013-07-29T00:00:00Z,-59.4991,47.5289,500.0,white_sharks_acoustic
2013-07-29T00:00:00Z,-59.4904,47.5332,500.0,white_sharks_acoustic
2013-07-29T00:00:00Z,-59.4643,47.5457,500.0,white_sharks_acoustic
2013-07-29T00:00:00Z,-59.5509,47.5038,500.0,white_sharks_acoustic
2013-07-29T00:00:00Z,-59.4728,47.5416,500.0,white_sharks_acoustic
2013-07-29T00:00:00Z,-59.5162,47.5206,500.0,white_sharks_acoustic
2013-07-29T00:00:00Z,-59.3686,47.5919,245.0,white_sharks_acoustic
2013-07-29T00:00:00Z,-59.4204,47.5668,500.0,white_sharks_acoustic
2013-07-29T00:00:00Z,-59.438,47.5582,500.0,white_sharks_acoustic
2013-07-29T00:00:00Z,-59.5771,47.4911,500.0,white_sharks_acoustic
2013-07-29T00:00:00Z,-59.5336,47.5122,500.0,white_sharks_acoustic
2013-07-29T00:00:00Z,-59.4295,47.5625,500.0,white_sharks_acoustic
2013-07-29T00:00:00Z,-59.5252,47.5164,500.0,white_sharks_acoustic
2013-07-29T00:00:00Z,-59.438,47.5582,500.0,white_sharks_acoustic
2013-07-29T00:00:00Z,-59.5686,47.4955,500.0,white_sharks_acoustic
2013-07-29T00:00:00Z,-59.4815,47.5374,500.0,white_sharks_acoustic
2013-07-29T00:00:00Z,-59.4643,47.5457,500.0,white_sharks_acoustic
2013-07-29T00:00:00Z,-59.3946,47.5793,500.0,white_sharks_acoustic
2013-07-29T00:00:00Z,-59.4728,47.5416,500.0,white_sharks_acoustic
2013-07-29T00:00:00Z,-59.5509,47.5038,500.0,white_sharks_acoustic
2013-07-29T00:00:00Z,-59.5079,47.5246,500.0,white_sharks_acoustic
2013-07-29T00:00:00Z,-59.3425,47.6043,161.0,white_sharks_acoustic
2013-07-29T00:00:00Z,-59.5162,47.5206,500.0,white_sharks_acoustic
2013-07-29T00:00:00Z,-59.5686,47.4955,500.0,white_sharks_acoustic
2013-07-29T00:00:00Z,-59.3256,47.6129,55.0,white_sharks_acoustic
2013-07-29T00:00:00Z,-59.4121,47.571,500.0,white_sharks_acoustic
2013-07-29T00:00:00Z,-59.3774,47.5877,274.0,white_sharks_acoustic
2013-07-29T00:00:00Z,-59.4037,47.5752,500.0,white_sharks_acoustic
2013-07-29T00:00:00Z,-59.4467,47.5542,500.0,white_sharks_acoustic
2013-07-29T00:00:00Z,-59.5252,47.5164,500.0,white_sharks_acoustic
2013-07-29T00:00:00Z,-59.3425,47.6043,161.0,white_sharks_acoustic
2013-07-29T00:00:00Z,-59.3858,47.5836,274.0,white_sharks_acoustic
2013-07-29T00:00:00Z,-59.5602,47.4995,500.0,white_sharks_acoustic
2013-07-29T00:00:00Z,-59.5424,47.5079,500.0,white_sharks_acoustic
2013-07-29T00:00:00Z,-59.4991,47.5289,500.0,white_sharks_acoustic
2013-07-29T00:00:00Z,-59.4121,47.571,500.0,white_sharks_acoustic
2013-07-29T00:00:00Z,-59.3515,47.6003,238.0,white_sharks_acoustic
2013-07-29T00:00:00Z,-59.4467,47.5542,500.0,white_sharks_acoustic
2013-07-29T00:00:00Z,-59.4204,47.5668,500.0,white_sharks_acoustic
2013-07-29T00:00:00Z,-59.3774,47.5877,274.0,white_sharks_acoustic
2013-07-29T00:00:00Z,-59.3339,47.6086,126.0,white_sharks_acoustic
2013-07-29T00:00:00Z,-59.3858,47.5836,274.0,white_sharks_acoustic
2013-07-29T00:00:00Z,-59.5424,47.5079,500.0,white_sharks_acoustic
2013-07-29T00:00:00Z,-59.4037,47.5752,500.0,white_sharks_acoustic
2013-07-29T00:00:00Z,-59.3946,47.5793,500.0,white_sharks_acoustic
2013-07-29T00:00:00Z,-59.3339,47.6086,126.0,white_sharks_acoustic
2013-07-29T00:00:00Z,-59.3686,47.5919,245.0,white_sharks_acoustic
2013-07-29T00:00:00Z,-59.36,47.596,245.0,white_sharks_acoustic
2013-07-29T00:00:00Z,-59.4295,47.5625,500.0,white_sharks_acoustic
2013-07-29T00:00:00Z,-59.36,47.596,245.0,white_sharks_acoustic
2013-07-31T00:00:00Z,-59.5943,47.4828,500.0,white_sharks_acoustic
2013-07-31T00:00:00Z,-59.6119,47.4745,500.0,white_sharks_acoustic
2013-07-31T00:00:00Z,-59.5861,47.487,500.0,white_sharks_acoustic
2013-07-31T00:00:00Z,-59.6898,47.437,500.0,white_sharks_acoustic
2013-07-31T00:00:00Z,-59.6724,47.4453,500.0,white_sharks_acoustic
2013-07-31T00:00:00Z,-59.7159,47.4243,500.0,white_sharks_acoustic
2013-07-31T00:00:00Z,-59.6984,47.4329,500.0,white_sharks_acoustic
2013-07-31T00:00:00Z,-59.6204,47.4703,500.0,white_sharks_acoustic
2013-07-31T00:00:00Z,-59.6378,47.4622,500.0,white_sharks_acoustic
2013-07-31T00:00:00Z,-59.6463,47.4577,500.0,white_sharks_acoustic
2013-07-31T00:00:00Z,-59.6204,47.4703,500.0,white_sharks_acoustic
2013-07-31T00:00:00Z,-59.655,47.4537,500.0,white_sharks_acoustic
2013-07-31T00:00:00Z,-59.7072,47.4287,500.0,white_sharks_acoustic
2013-07-31T00:00:00Z,-59.603,47.4788,500.0,white_sharks_acoustic
2013-07-31T00:00:00Z,-59.681,47.4412,500.0,white_sharks_acoustic
2013-07-31T00:00:00Z,-59.7243,47.4202,500.0,white_sharks_acoustic
2013-07-31T00:00:00Z,-59.6463,47.4577,500.0,white_sharks_acoustic
2013-07-31T00:00:00Z,-59.7159,47.4243,500.0,white_sharks_acoustic
2013-07-31T00:00:00Z,-59.6724,47.4453,500.0,white_sharks_acoustic
2013-07-31T00:00:00Z,-59.629,47.4662,500.0,white_sharks_acoustic
2013-07-31T00:00:00Z,-59.7072,47.4287,500.0,white_sharks_acoustic
2013-07-31T00:00:00Z,-59.681,47.4412,500.0,white_sharks_acoustic
2013-07-31T00:00:00Z,-59.3165,47.61721,37.0,white_sharks_acoustic
2013-07-31T00:00:00Z,-59.5861,47.487,500.0,white_sharks_acoustic
2013-07-31T00:00:00Z,-59.629,47.4662,500.0,white_sharks_acoustic
2013-07-31T00:00:00Z,-59.7243,47.4202,500.0,white_sharks_acoustic
2013-07-31T00:00:00Z,-59.5943,47.4828,500.0,white_sharks_acoustic
2013-07-31T00:00:00Z,-59.603,47.4788,500.0,white_sharks_acoustic
2013-07-31T00:00:00Z,-59.6378,47.4622,500.0,white_sharks_acoustic
2013-07-31T00:00:00Z,-59.6119,47.4745,500.0,white_sharks_acoustic
2013-07-31T00:00:00Z,-59.6984,47.4329,500.0,white_sharks_acoustic
2013-07-31T00:00:00Z,-59.655,47.4537,500.0,white_sharks_acoustic
2013-07-31T00:00:00Z,-59.6637,47.4494,500.0,white_sharks_acoustic
2013-07-31T00:00:00Z,-59.3165,47.61721,37.0,white_sharks_acoustic
2013-07-31T00:00:00Z,-59.6898,47.437,500.0,white_sharks_acoustic
2013-07-31T00:00:00Z,-59.6637,47.4494,500.0,white_sharks_acoustic
2013-08-03T00:00:00Z,-59.8798,47.3448,500.0,white_sharks_acoustic
2013-08-03T00:00:00Z,-59.7763,47.3951,500.0,white_sharks_acoustic
2013-08-03T00:00:00Z,-59.8197,47.3741,500.0,white_sharks_acoustic
2013-08-03T00:00:00Z,-60.1216,47.2279,33.0,white_sharks_acoustic
2013-08-03T00:00:00Z,-59.8798,47.3448,500.0,white_sharks_acoustic
2013-08-03T00:00:00Z,-59.9662,47.3031,500.0,white_sharks_acoustic
2013-08-03T00:00:00Z,-60.0526,47.2613,500.0,white_sharks_acoustic
2013-08-03T00:00:00Z,-60.0615,47.2571,500.0,white_sharks_acoustic
2013-08-03T00:00:00Z,-60.0097,47.2821,500.0,white_sharks_acoustic
2013-08-03T00:00:00Z,-59.9838,47.2947,500.0,white_sharks_acoustic
2013-08-03T00:00:00Z,-60.0442,47.2654,500.0,white_sharks_acoustic
2013-08-03T00:00:00Z,-59.8888,47.3408,500.0,white_sharks_acoustic
2013-08-03T00:00:00Z,-60.0782,47.2487,500.0,white_sharks_acoustic
2013-08-03T00:00:00Z,-59.9318,47.3198,500.0,white_sharks_acoustic
2013-08-03T00:00:00Z,-60.0267,47.2737,500.0,white_sharks_acoustic
2013-08-03T00:00:00Z,-59.9402,47.3157,500.0,white_sharks_acoustic
2013-08-03T00:00:00Z,-59.9924,47.2905,500.0,white_sharks_acoustic
2013-08-03T00:00:00Z,-59.7763,47.3951,500.0,white_sharks_acoustic
2013-08-03T00:00:00Z,-59.9143,47.3282,500.0,white_sharks_acoustic
2013-08-03T00:00:00Z,-59.9749,47.2989,500.0,white_sharks_acoustic
2013-08-03T00:00:00Z,-59.9402,47.3157,500.0,white_sharks_acoustic
2013-08-03T00:00:00Z,-60.1129,47.2319,37.0,white_sharks_acoustic
2013-08-03T00:00:00Z,-60.1313,47.2187,46.0,white_sharks_acoustic
2013-08-03T00:00:00Z,-59.8712,47.3492,500.0,white_sharks_acoustic
2013-08-03T00:00:00Z,-60.0782,47.2487,500.0,white_sharks_acoustic
2013-08-03T00:00:00Z,-59.7417,47.4118,500.0,white_sharks_acoustic
2013-08-03T00:00:00Z,-59.8454,47.3617,500.0,white_sharks_acoustic
2013-08-03T00:00:00Z,-59.7331,47.4159,500.0,white_sharks_acoustic
2013-08-03T00:00:00Z,-60.1046,47.2362,93.0,white_sharks_acoustic
2013-08-03T00:00:00Z,-60.0009,47.2863,500.0,white_sharks_acoustic
2013-08-03T00:00:00Z,-59.8973,47.3364,500.0,white_sharks_acoustic
2013-08-03T00:00:00Z,-59.8888,47.3408,500.0,white_sharks_acoustic
2013-08-03T00:00:00Z,-59.8023,47.3825,500.0,white_sharks_acoustic
2013-08-03T00:00:00Z,-59.7938,47.3868,500.0,white_sharks_acoustic
2013-08-03T00:00:00Z,-59.9058,47.3323,500.0,white_sharks_acoustic
2013-08-03T00:00:00Z,-60.0526,47.2613,500.0,white_sharks_acoustic
2013-08-03T00:00:00Z,-59.828,47.37,500.0,white_sharks_acoustic
2013-08-03T00:00:00Z,-59.7331,47.4159,500.0,white_sharks_acoustic
2013-08-03T00:00:00Z,-59.9577,47.3073,500.0,white_sharks_acoustic
2013-08-03T00:00:00Z,-59.7505,47.4077,500.0,white_sharks_acoustic
2013-08-03T00:00:00Z,-59.8366,47.3658,500.0,white_sharks_acoustic
2013-08-03T00:00:00Z,-59.8454,47.3617,500.0,white_sharks_acoustic
2013-08-03T00:00:00Z,-59.8628,47.3534,500.0,white_sharks_acoustic
2013-08-03T00:00:00Z,-59.9749,47.2989,500.0,white_sharks_acoustic
2013-08-03T00:00:00Z,-60.0954,47.2404,123.0,white_sharks_acoustic
2013-08-03T00:00:00Z,-60.0181,47.2781,500.0,white_sharks_acoustic
2013-08-03T00:00:00Z,-59.8109,47.3784,500.0,white_sharks_acoustic
2013-08-03T00:00:00Z,-59.9577,47.3073,500.0,white_sharks_acoustic
2013-08-03T00:00:00Z,-59.7938,47.3868,500.0,white_sharks_acoustic
2013-08-03T00:00:00Z,-60.1283,47.2247,66.0,white_sharks_acoustic
2013-08-03T00:00:00Z,-60.0697,47.2531,500.0,white_sharks_acoustic
2013-08-03T00:00:00Z,-59.854,47.3574,500.0,white_sharks_acoustic
2013-08-03T00:00:00Z,-59.8023,47.3825,500.0,white_sharks_acoustic
2013-08-03T00:00:00Z,-59.9143,47.3282,500.0,white_sharks_acoustic
2013-08-03T00:00:00Z,-59.9838,47.2947,500.0,white_sharks_acoustic
2013-08-03T00:00:00Z,-60.1313,47.2187,46.0,white_sharks_acoustic
2013-08-03T00:00:00Z,-60.0615,47.2571,500.0,white_sharks_acoustic
2013-08-03T00:00:00Z,-60.0009,47.2863,500.0,white_sharks_acoustic
2013-08-03T00:00:00Z,-60.1216,47.2279,33.0,white_sharks_acoustic
2013-08-03T00:00:00Z,-59.9491,47.3116,500.0,white_sharks_acoustic
2013-08-03T00:00:00Z,-59.9924,47.2905,500.0,white_sharks_acoustic
2013-08-03T00:00:00Z,-60.0352,47.2696,500.0,white_sharks_acoustic
2013-08-03T00:00:00Z,-60.0697,47.2531,500.0,white_sharks_acoustic
2013-08-03T00:00:00Z,-59.854,47.3574,500.0,white_sharks_acoustic
2013-08-03T00:00:00Z,-60.1046,47.2362,93.0,white_sharks_acoustic
2013-08-03T00:00:00Z,-60.0873,47.2445,119.0,white_sharks_acoustic
2013-08-03T00:00:00Z,-59.9318,47.3198,500.0,white_sharks_acoustic
2013-08-03T00:00:00Z,-60.1129,47.2319,37.0,white_sharks_acoustic
2013-08-03T00:00:00Z,-59.8973,47.3364,500.0,white_sharks_acoustic
2013-08-03T00:00:00Z,-59.8366,47.3658,500.0,white_sharks_acoustic
2013-08-03T00:00:00Z,-59.8109,47.3784,500.0,white_sharks_acoustic
2013-08-03T00:00:00Z,-59.7417,47.4118,500.0,white_sharks_acoustic
2013-08-03T00:00:00Z,-59.7676,47.3991,500.0,white_sharks_acoustic
2013-08-03T00:00:00Z,-60.1283,47.2247,66.0,white_sharks_acoustic
2013-08-03T00:00:00Z,-60.0097,47.2821,500.0,white_sharks_acoustic
2013-08-03T00:00:00Z,-59.7592,47.4034,500.0,white_sharks_acoustic
2013-08-03T00:00:00Z,-59.8628,47.3534,500.0,white_sharks_acoustic
2013-08-03T00:00:00Z,-59.9231,47.3238,500.0,white_sharks_acoustic
2013-08-03T00:00:00Z,-60.0442,47.2654,500.0,white_sharks_acoustic
2013-08-03T00:00:00Z,-59.9058,47.3323,500.0,white_sharks_acoustic
2013-08-03T00:00:00Z,-60.0954,47.2404,123.0,white_sharks_acoustic
2013-08-03T00:00:00Z,-59.9662,47.3031,500.0,white_sharks_acoustic
2013-08-03T00:00:00Z,-59.7505,47.4077,500.0,white_sharks_acoustic
2013-08-03T00:00:00Z,-60.0873,47.2445,119.0,white_sharks_acoustic
2013-08-03T00:00:00Z,-60.0181,47.2781,500.0,white_sharks_acoustic
2013-08-03T00:00:00Z,-59.8712,47.3492,500.0,white_sharks_acoustic
2013-08-03T00:00:00Z,-60.0267,47.2737,500.0,white_sharks_acoustic
2013-08-03T00:00:00Z,-59.8197,47.3741,500.0,white_sharks_acoustic
2013-08-03T00:00:00Z,-59.7676,47.3991,500.0,white_sharks_acoustic
2013-08-03T00:00:00Z,-59.7592,47.4034,500.0,white_sharks_acoustic
2013-08-03T00:00:00Z,-59.9231,47.3238,500.0,white_sharks_acoustic
2013-08-03T00:00:00Z,-59.9491,47.3116,500.0,white_sharks_acoustic
2013-08-03T00:00:00Z,-59.7851,47.3909,500.0,white_sharks_acoustic
2013-08-03T00:00:00Z,-59.828,47.37,500.0,white_sharks_acoustic
2013-08-03T00:00:00Z,-59.7851,47.3909,500.0,white_sharks_acoustic
2013-08-05T00:00:00Z,-60.1757,47.3223,500.0,white_sharks_acoustic
2013-08-05T00:00:00Z,-60.1685,47.3172,500.0,white_sharks_acoustic
2013-08-05T00:00:00Z,-60.2106,47.3485,500.0,white_sharks_acoustic
2013-08-05T00:00:00Z,-60.0989,47.2645,130.0,white_sharks_acoustic
2013-08-05T00:00:00Z,-60.155,47.3064,500.0,white_sharks_acoustic
2013-08-05T00:00:00Z,-60.1266,47.2858,500.0,white_sharks_acoustic
2013-08-05T00:00:00Z,-60.1615,47.312,500.0,white_sharks_acoustic
2013-08-05T00:00:00Z,-60.1195,47.2805,165.0,white_sharks_acoustic
2013-08-05T00:00:00Z,-60.1893,47.333,500.0,white_sharks_acoustic
2013-08-05T00:00:00Z,-60.1827,47.3277,500.0,white_sharks_acoustic
2013-08-05T00:00:00Z,-60.1965,47.338,500.0,white_sharks_acoustic
2013-08-05T00:00:00Z,-60.2035,47.3433,500.0,white_sharks_acoustic
2013-08-05T00:00:00Z,-60.0921,47.2593,100.0,white_sharks_acoustic
2013-08-05T00:00:00Z,-60.2309,47.3644,500.0,white_sharks_acoustic
2013-08-05T00:00:00Z,-60.0853,47.2544,100.0,white_sharks_acoustic
2013-08-05T00:00:00Z,-60.1482,47.3015,500.0,white_sharks_acoustic
2013-08-05T00:00:00Z,-60.1128,47.2752,150.0,white_sharks_acoustic
2013-08-05T00:00:00Z,-60.2243,47.3591,500.0,white_sharks_acoustic
2013-08-05T00:00:00Z,-60.2173,47.3538,500.0,white_sharks_acoustic
2013-08-05T00:00:00Z,-60.1059,47.2699,150.0,white_sharks_acoustic
2013-08-05T00:00:00Z,-60.134,47.2908,500.0,white_sharks_acoustic
2013-08-05T00:00:00Z,-60.1405,47.2964,500.0,white_sharks_acoustic
2013-08-28T00:00:00Z,-60.26827,47.11125,177.0,white_sharks_acoustic
2013-08-28T00:00:00Z,-60.18013,47.1703,183.0,white_sharks_acoustic
2013-08-28T00:00:00Z,-60.28296,47.10141,170.0,white_sharks_acoustic
2013-08-28T00:00:00Z,-60.24624,47.12601,181.0,white_sharks_acoustic
2013-08-28T00:00:00Z,-60.23889,47.13093,183.0,white_sharks_acoustic
2013-08-28T00:00:00Z,-60.36376,47.04728,154.0,white_sharks_acoustic
2013-08-28T00:00:00Z,-60.32703,47.07188,165.0,white_sharks_acoustic
2013-08-28T00:00:00Z,-60.20951,47.15062,198.0,white_sharks_acoustic
2013-08-28T00:00:00Z,-60.34172,47.06204,159.0,white_sharks_acoustic
2013-08-28T00:00:00Z,-60.3711,47.04235,86.0,white_sharks_acoustic
2013-08-28T00:00:00Z,-60.31969,47.0768,162.0,white_sharks_acoustic
2013-08-28T00:00:00Z,-60.16544,47.18014,34.0,white_sharks_acoustic
2013-08-28T00:00:00Z,-60.35641,47.0522,154.0,white_sharks_acoustic
2013-08-28T00:00:00Z,-60.18748,47.16538,187.0,white_sharks_acoustic
2013-08-28T00:00:00Z,-60.31234,47.08172,160.0,white_sharks_acoustic
2013-08-28T00:00:00Z,-60.23155,47.13585,185.0,white_sharks_acoustic
2013-08-28T00:00:00Z,-60.20217,47.15554,203.0,white_sharks_acoustic
2013-08-28T00:00:00Z,-60.34907,47.05712,154.0,white_sharks_acoustic
2013-08-28T00:00:00Z,-60.21686,47.1457,187.0,white_sharks_acoustic
2013-08-28T00:00:00Z,-60.25358,47.12109,177.0,white_sharks_acoustic
2013-08-28T00:00:00Z,-60.26093,47.11617,179.0,white_sharks_acoustic
2013-08-28T00:00:00Z,-60.29765,47.09156,162.0,white_sharks_acoustic
2013-08-28T00:00:00Z,-60.17279,47.17522,100.0,white_sharks_acoustic
2013-08-28T00:00:00Z,-60.305,47.08664,170.0,white_sharks_acoustic
2013-08-28T00:00:00Z,-59.8631,47.4632,495.0,white_sharks_acoustic
2013-08-28T00:00:00Z,-60.19482,47.16046,196.0,white_sharks_acoustic
2013-08-28T00:00:00Z,-60.2242,47.14077,192.0,white_sharks_acoustic
2013-08-28T00:00:00Z,-60.33438,47.06696,162.0,white_sharks_acoustic
2013-08-28T00:00:00Z,-60.37845,47.03743,44.0,white_sharks_acoustic
2013-08-28T00:00:00Z,-60.27562,47.10633,176.0,white_sharks_acoustic
2013-08-28T00:00:00Z,-60.38579,47.03251,18.0,white_sharks_acoustic
2013-08-28T00:00:00Z,-60.29031,47.09649,166.0,white_sharks_acoustic
2013-09-07T00:00:00Z,-61.38004,45.60535,49.0,white_sharks_acoustic
2013-09-07T00:00:00Z,-61.43118,45.65673,42.0,white_sharks_acoustic
2014-07-11T00:00:00Z,-60.1059,47.2699,150.0,white_sharks_acoustic
2014-07-11T00:00:00Z,-60.2243,47.3591,500.0,white_sharks_acoustic
2014-07-11T00:00:00Z,-60.2106,47.3485,500.0,white_sharks_acoustic
2014-07-11T00:00:00Z,-60.1893,47.333,500.0,white_sharks_acoustic
2014-07-11T00:00:00Z,-60.0853,47.2544,100.0,white_sharks_acoustic
2014-07-11T00:00:00Z,-60.134,47.2908,500.0,white_sharks_acoustic
2014-07-11T00:00:00Z,-60.1965,47.338,500.0,white_sharks_acoustic
2014-07-11T00:00:00Z,-60.0989,47.2645,130.0,white_sharks_acoustic
2014-07-11T00:00:00Z,-60.0442,47.2654,500.0,white_sharks_acoustic
2014-07-11T00:00:00Z,-60.1405,47.2964,500.0,white_sharks_acoustic
2014-07-11T00:00:00Z,-60.1685,47.3172,500.0,white_sharks_acoustic
2014-07-11T00:00:00Z,-60.1128,47.2752,150.0,white_sharks_acoustic
2014-07-11T00:00:00Z,-60.1195,47.2805,165.0,white_sharks_acoustic
2014-07-11T00:00:00Z,-60.2173,47.3538,500.0,white_sharks_acoustic
2014-07-11T00:00:00Z,-60.1266,47.2858,500.0,white_sharks_acoustic
2014-07-11T00:00:00Z,-60.155,47.3064,500.0,white_sharks_acoustic
2014-07-11T00:00:00Z,-60.1757,47.3223,500.0,white_sharks_acoustic
2014-07-11T00:00:00Z,-60.1615,47.312,500.0,white_sharks_acoustic
2014-07-11T00:00:00Z,-60.1827,47.3277,500.0,white_sharks_acoustic
2014-07-11T00:00:00Z,-60.0442,47.2654,500.0,white_sharks_acoustic
2014-07-11T00:00:00Z,-60.2309,47.3644,500.0,white_sharks_acoustic
2014-07-11T00:00:00Z,-60.1482,47.3015,500.0,white_sharks_acoustic
2014-07-11T00:00:00Z,-60.0921,47.2593,100.0,white_sharks_acoustic
2014-07-11T00:00:00Z,-60.2035,47.3433,500.0,white_sharks_acoustic
2014-09-26T00:00:00Z,-60.23889,47.13093,183.0,white_sharks_acoustic
2014-09-26T00:00:00Z,-60.19482,47.16046,196.0,white_sharks_acoustic
2014-09-26T00:00:00Z,-60.16544,47.18014,34.0,white_sharks_acoustic
2014-09-26T00:00:00Z,-60.25358,47.12109,177.0,white_sharks_acoustic
2014-09-26T00:00:00Z,-60.31234,47.08172,160.0,white_sharks_acoustic
2014-09-26T00:00:00Z,-60.0352,47.2696,500.0,white_sharks_acoustic
2014-09-26T00:00:00Z,-60.305,47.08664,170.0,white_sharks_acoustic
2014-09-26T00:00:00Z,-60.2242,47.14077,192.0,white_sharks_acoustic
2014-09-26T00:00:00Z,-60.21686,47.1457,187.0,white_sharks_acoustic
2014-09-26T00:00:00Z,-60.31969,47.0768,162.0,white_sharks_acoustic
2014-09-26T00:00:00Z,-60.32703,47.07188,165.0,white_sharks_acoustic
2014-09-26T00:00:00Z,-60.20217,47.15554,203.0,white_sharks_acoustic
2014-09-26T00:00:00Z,-60.23155,47.13585,185.0,white_sharks_acoustic
2014-09-26T00:00:00Z,-60.18013,47.1703,183.0,white_sharks_acoustic
2014-09-26T00:00:00Z,-59.6119,47.4745,500.0,white_sharks_acoustic
2014-09-26T00:00:00Z,-60.29765,47.09156,162.0,white_sharks_acoustic
2014-09-26T00:00:00Z,-60.17279,47.17522,100.0,white_sharks_acoustic
2014-09-26T00:00:00Z,-60.27562,47.10633,176.0,white_sharks_acoustic
2014-09-26T00:00:00Z,-60.25358,47.12109,177.0,white_sharks_acoustic
2014-09-26T00:00:00Z,-60.18748,47.16538,187.0,white_sharks_acoustic
2014-09-26T00:00:00Z,-60.33438,47.06696,162.0,white_sharks_acoustic
2014-09-26T00:00:00Z,-60.0352,47.2696,500.0,white_sharks_acoustic
2014-09-26T00:00:00Z,-60.34172,47.06204,159.0,white_sharks_acoustic
2014-09-26T00:00:00Z,-60.24624,47.12601,181.0,white_sharks_acoustic
2014-09-26T00:00:00Z,-60.29031,47.09649,166.0,white_sharks_acoustic
2014-09-26T00:00:00Z,-60.19482,47.16046,196.0,white_sharks_acoustic
2014-09-26T00:00:00Z,-60.26827,47.11125,177.0,white_sharks_acoustic
2014-09-26T00:00:00Z,-60.16544,47.18014,34.0,white_sharks_acoustic
2014-09-26T00:00:00Z,-60.28296,47.10141,170.0,white_sharks_acoustic
2014-09-26T00:00:00Z,-60.23155,47.13585,185.0,white_sharks_acoustic
2014-09-26T00:00:00Z,-60.20951,47.15062,198.0,white_sharks_acoustic
2014-09-26T00:00:00Z,-60.26827,47.11125,177.0,white_sharks_acoustic
2014-09-26T00:00:00Z,-60.24624,47.12601,181.0,white_sharks_acoustic
2014-09-26T00:00:00Z,-60.28296,47.10141,170.0,white_sharks_acoustic
2014-09-26T00:00:00Z,-59.6119,47.4745,500.0,white_sharks_acoustic
2014-09-26T00:00:00Z,-60.20951,47.15062,198.0,white_sharks_acoustic
2014-09-26T00:00:00Z,-60.29031,47.09649,166.0,white_sharks_acoustic
2014-09-26T00:00:00Z,-60.31969,47.0768,162.0,white_sharks_acoustic
2014-09-26T00:00:00Z,-60.33438,47.06696,162.0,white_sharks_acoustic
2014-09-26T00:00:00Z,-60.26093,47.11617,179.0,white_sharks_acoustic
2014-09-26T00:00:00Z,-60.32703,47.07188,165.0,white_sharks_acoustic
2014-09-26T00:00:00Z,-60.18013,47.1703,183.0,white_sharks_acoustic
2014-09-26T00:00:00Z,-60.21686,47.1457,187.0,white_sharks_acoustic
2014-09-26T00:00:00Z,-60.34172,47.06204,159.0,white_sharks_acoustic
2014-09-26T00:00:00Z,-60.18748,47.16538,187.0,white_sharks_acoustic
2014-09-26T00:00:00Z,-60.2242,47.14077,192.0,white_sharks_acoustic
2014-09-26T00:00:00Z,-60.27562,47.10633,176.0,white_sharks_acoustic
2014-09-26T00:00:00Z,-60.26093,47.11617,179.0,white_sharks_acoustic
2014-09-26T00:00:00Z,-60.29765,47.09156,162.0,white_sharks_acoustic
2014-09-26T00:00:00Z,-60.17279,47.17522,100.0,white_sharks_acoustic
2014-09-26T00:00:00Z,-60.20217,47.15554,203.0,white_sharks_acoustic
2014-09-26T00:00:00Z,-60.31234,47.08172,160.0,white_sharks_acoustic
2014-09-26T00:00:00Z,-60.23889,47.13093,183.0,white_sharks_acoustic
2014-09-26T00:00:00Z,-60.305,47.08664,170.0,white_sharks_acoustic
2014-09-27T00:00:00Z,-60.37845,47.03743,44.0,white_sharks_acoustic
2014-09-27T00:00:00Z,-60.35641,47.0522,154.0,white_sharks_acoustic
2014-09-27T00:00:00Z,-60.38579,47.03251,18.0,white_sharks_acoustic
2014-09-27T00:00:00Z,-60.36376,47.04728,154.0,white_sharks_acoustic
2014-09-27T00:00:00Z,-60.3711,47.04235,86.0,white_sharks_acoustic
2014-09-27T00:00:00Z,-60.34907,47.05712,154.0,white_sharks_acoustic
2014-09-27T00:00:00Z,-60.35641,47.0522,154.0,white_sharks_acoustic
2014-09-27T00:00:00Z,-60.36376,47.04728,154.0,white_sharks_acoustic
2014-09-27T00:00:00Z,-60.34907,47.05712,154.0,white_sharks_acoustic
2014-09-27T00:00:00Z,-60.3711,47.04235,86.0,white_sharks_acoustic
2014-09-27T00:00:00Z,-60.37845,47.03743,44.0,white_sharks_acoustic
2014-09-27T00:00:00Z,-60.38579,47.03251,18.0,white_sharks_acoustic
2014-11-05T00:00:00Z,-61.43118,45.65673,42.0,white_sharks_acoustic
2014-11-05T00:00:00Z,-61.38004,45.60535,49.0,white_sharks_acoustic
2015-05-27T00:00:00Z,-60.1482,47.3015,500.0,white_sharks_acoustic
2015-05-27T00:00:00Z,-60.0853,47.2544,100.0,white_sharks_acoustic
2015-05-27T00:00:00Z,-60.134,47.2908,500.0,white_sharks_acoustic
2015-05-27T00:00:00Z,-60.1128,47.2752,150.0,white_sharks_acoustic
2015-05-27T00:00:00Z,-60.0989,47.2645,130.0,white_sharks_acoustic
2015-05-27T00:00:00Z,-60.1266,47.2858,500.0,white_sharks_acoustic
2015-05-27T00:00:00Z,-60.1405,47.2964,500.0,white_sharks_acoustic
2015-05-27T00:00:00Z,-60.1195,47.2805,165.0,white_sharks_acoustic
2015-05-27T00:00:00Z,-60.0921,47.2593,100.0,white_sharks_acoustic
2015-05-27T00:00:00Z,-60.1059,47.2699,150.0,white_sharks_acoustic
2015-05-28T00:00:00Z,-60.2243,47.3591,500.0,white_sharks_acoustic
2015-05-28T00:00:00Z,-60.2173,47.3538,500.0,white_sharks_acoustic
2015-05-28T00:00:00Z,-60.2309,47.3644,500.0,white_sharks_acoustic
2015-05-28T00:00:00Z,-60.1685,47.3172,500.0,white_sharks_acoustic
2015-05-28T00:00:00Z,-60.1893,47.333,500.0,white_sharks_acoustic
2015-05-28T00:00:00Z,-60.1757,47.3223,500.0,white_sharks_acoustic
2015-05-28T00:00:00Z,-60.1827,47.3277,500.0,white_sharks_acoustic
2015-05-28T00:00:00Z,-60.1615,47.312,500.0,white_sharks_acoustic
2015-05-28T00:00:00Z,-60.155,47.3064,500.0,white_sharks_acoustic
2015-05-29T00:00:00Z,-60.2035,47.3433,500.0,white_sharks_acoustic
2015-05-29T00:00:00Z,-60.2106,47.3485,500.0,white_sharks_acoustic
2015-05-29T00:00:00Z,-60.1965,47.338,500.0,white_sharks_acoustic
2015-10-09T00:00:00Z,-60.0352,47.2696,500.0,white_sharks_acoustic
2015-10-09T00:00:00Z,-60.0352,47.2696,500.0,white_sharks_acoustic
2016-05-19T00:00:00Z,-60.1827,47.3277,500.0,white_sharks_acoustic
2016-05-19T00:00:00Z,-60.1615,47.312,500.0,white_sharks_acoustic
2016-05-19T00:00:00Z,-60.1685,47.3172,500.0,white_sharks_acoustic
2016-05-19T00:00:00Z,-60.1893,47.333,500.0,white_sharks_acoustic
2016-05-19T00:00:00Z,-60.155,47.3064,500.0,white_sharks_acoustic
2016-05-19T00:00:00Z,-60.1059,47.2699,150.0,white_sharks_acoustic
2016-05-19T00:00:00Z,-60.1266,47.2858,500.0,white_sharks_acoustic
2016-05-19T00:00:00Z,-60.2309,47.3644,500.0,white_sharks_acoustic
2016-05-19T00:00:00Z,-60.1128,47.2752,150.0,white_sharks_acoustic
2016-05-19T00:00:00Z,-60.2035,47.3433,500.0,white_sharks_acoustic
2016-05-19T00:00:00Z,-60.1405,47.2964,500.0,white_sharks_acoustic
2016-05-19T00:00:00Z,-60.134,47.2908,500.0,white_sharks_acoustic
2016-05-19T00:00:00Z,-60.1757,47.3223,500.0,white_sharks_acoustic
2016-05-19T00:00:00Z,-60.1482,47.3015,500.0,white_sharks_acoustic
2016-05-19T00:00:00Z,-60.0989,47.2645,130.0,white_sharks_acoustic
2016-05-19T00:00:00Z,-60.1965,47.338,500.0,white_sharks_acoustic
2016-05-19T00:00:00Z,-60.0853,47.2544,100.0,white_sharks_acoustic
2016-05-19T00:00:00Z,-60.0921,47.2593,100.0,white_sharks_acoustic
2016-05-19T00:00:00Z,-60.1195,47.2805,165.0,white_sharks_acoustic
2016-05-26T00:00:00Z,-60.2173,47.3538,500.0,white_sharks_acoustic
2016-05-26T00:00:00Z,-60.2243,47.3591,500.0,white_sharks_acoustic
2016-05-26T00:00:00Z,-60.2106,47.3485,500.0,white_sharks_acoustic
2017-05-24T00:00:00Z,-60.0921,47.2593,100.0,white_sharks_acoustic
2017-05-24T00:00:00Z,-60.2173,47.3538,500.0,white_sharks_acoustic
2017-05-24T00:00:00Z,-60.2309,47.3644,500.0,white_sharks_acoustic
2017-05-24T00:00:00Z,-60.1893,47.333,500.0,white_sharks_acoustic
2017-05-24T00:00:00Z,-60.1128,47.2752,150.0,white_sharks_acoustic
2017-05-24T00:00:00Z,-60.2243,47.3591,500.0,white_sharks_acoustic
2017-05-24T00:00:00Z,-60.0853,47.2544,100.0,white_sharks_acoustic
2017-05-24T00:00:00Z,-60.134,47.2908,500.0,white_sharks_acoustic
2017-05-24T00:00:00Z,-60.0989,47.2645,130.0,white_sharks_acoustic
2017-05-24T00:00:00Z,-60.155,47.3064,500.0,white_sharks_acoustic
2017-05-24T00:00:00Z,-60.1405,47.2964,500.0,white_sharks_acoustic
2017-05-24T00:00:00Z,-60.1615,47.312,500.0,white_sharks_acoustic
2017-05-24T00:00:00Z,-60.2106,47.3485,500.0,white_sharks_acoustic
2017-05-24T00:00:00Z,-60.1827,47.3277,500.0,white_sharks_acoustic
2017-05-24T00:00:00Z,-60.1685,47.3172,500.0,white_sharks_acoustic
2017-05-24T00:00:00Z,-60.1059,47.2699,150.0,white_sharks_acoustic
2017-05-24T00:00:00Z,-60.1266,47.2858,500.0,white_sharks_acoustic
2017-05-24T00:00:00Z,-60.1965,47.338,500.0,white_sharks_acoustic
2017-05-24T00:00:00Z,-60.2035,47.3433,500.0,white_sharks_acoustic
2017-05-24T00:00:00Z,-60.1482,47.3015,500.0,white_sharks_acoustic
2017-05-24T00:00:00Z,-60.1195,47.2805,165.0,white_sharks_acoustic
2017-05-24T00:00:00Z,-60.1757,47.3223,500.0,white_sharks_acoustic
2017-06-16T00:00:00Z,-59.5861,47.487,500.0,white_sharks_acoustic
2017-06-16T00:00:00Z,-59.6119,47.4745,500.0,white_sharks_acoustic
2017-06-16T00:00:00Z,-59.629,47.4662,500.0,white_sharks_acoustic
2017-06-16T00:00:00Z,-59.5943,47.4828,500.0,white_sharks_acoustic
2017-06-16T00:00:00Z,-59.6724,47.4453,500.0,white_sharks_acoustic
2017-06-16T00:00:00Z,-59.6637,47.4494,500.0,white_sharks_acoustic
2017-06-16T00:00:00Z,-59.681,47.4412,500.0,white_sharks_acoustic
2017-06-16T00:00:00Z,-59.6463,47.4577,500.0,white_sharks_acoustic
2017-06-16T00:00:00Z,-59.5861,47.487,500.0,white_sharks_acoustic
2017-06-16T00:00:00Z,-59.6378,47.4622,500.0,white_sharks_acoustic
2017-06-16T00:00:00Z,-59.6724,47.4453,500.0,white_sharks_acoustic
2017-06-16T00:00:00Z,-59.6637,47.4494,500.0,white_sharks_acoustic
2017-06-16T00:00:00Z,-59.655,47.4537,500.0,white_sharks_acoustic
2017-06-16T00:00:00Z,-59.655,47.4537,500.0,white_sharks_acoustic
2017-06-16T00:00:00Z,-59.6984,47.4329,500.0,white_sharks_acoustic
2017-06-16T00:00:00Z,-59.5943,47.4828,500.0,white_sharks_acoustic
2017-06-16T00:00:00Z,-59.6378,47.4622,500.0,white_sharks_acoustic
2017-06-16T00:00:00Z,-59.6898,47.437,500.0,white_sharks_acoustic
2017-06-16T00:00:00Z,-59.5771,47.4911,500.0,white_sharks_acoustic
2017-06-16T00:00:00Z,-59.603,47.4788,500.0,white_sharks_acoustic
2017-06-16T00:00:00Z,-59.6463,47.4577,500.0,white_sharks_acoustic
2017-06-16T00:00:00Z,-59.681,47.4412,500.0,white_sharks_acoustic
2017-06-16T00:00:00Z,-59.603,47.4788,500.0,white_sharks_acoustic
2017-06-16T00:00:00Z,-59.629,47.4662,500.0,white_sharks_acoustic
2017-06-16T00:00:00Z,-59.5771,47.4911,500.0,white_sharks_acoustic
2017-06-16T00:00:00Z,-59.6204,47.4703,500.0,white_sharks_acoustic
2017-06-16T00:00:00Z,-59.6898,47.437,500.0,white_sharks_acoustic
2017-06-16T00:00:00Z,-59.6119,47.4745,500.0,white_sharks_acoustic
2017-06-16T00:00:00Z,-59.6984,47.4329,500.0,white_sharks_acoustic
2017-06-16T00:00:00Z,-59.6204,47.4703,500.0,white_sharks_acoustic
2017-06-27T00:00:00Z,-59.4904,47.5332,500.0,white_sharks_acoustic
2017-06-27T00:00:00Z,-59.4815,47.5374,500.0,white_sharks_acoustic
2017-06-27T00:00:00Z,-59.4467,47.5542,500.0,white_sharks_acoustic
2017-06-27T00:00:00Z,-59.4553,47.55,500.0,white_sharks_acoustic
2017-06-27T00:00:00Z,-59.8109,47.3784,500.0,white_sharks_acoustic
2017-06-27T00:00:00Z,-59.7417,47.4118,500.0,white_sharks_acoustic
2017-06-27T00:00:00Z,-59.5509,47.5038,500.0,white_sharks_acoustic
2017-06-27T00:00:00Z,-59.7243,47.4202,500.0,white_sharks_acoustic
2017-06-27T00:00:00Z,-59.828,47.37,500.0,white_sharks_acoustic
2017-06-27T00:00:00Z,-59.4037,47.5752,500.0,white_sharks_acoustic
2017-06-27T00:00:00Z,-59.3425,47.6043,161.0,white_sharks_acoustic
2017-06-27T00:00:00Z,-59.5602,47.4995,500.0,white_sharks_acoustic
2017-06-27T00:00:00Z,-59.7763,47.3951,500.0,white_sharks_acoustic
2017-06-27T00:00:00Z,-59.7505,47.4077,500.0,white_sharks_acoustic
2017-06-27T00:00:00Z,-59.4204,47.5668,500.0,white_sharks_acoustic
2017-06-27T00:00:00Z,-59.3425,47.6043,161.0,white_sharks_acoustic
2017-06-27T00:00:00Z,-59.5252,47.5164,500.0,white_sharks_acoustic
2017-06-27T00:00:00Z,-59.3515,47.6003,238.0,white_sharks_acoustic
2017-06-27T00:00:00Z,-59.7676,47.3991,500.0,white_sharks_acoustic
2017-06-27T00:00:00Z,-59.5336,47.5122,500.0,white_sharks_acoustic
2017-06-27T00:00:00Z,-59.3686,47.5919,245.0,white_sharks_acoustic
2017-06-27T00:00:00Z,-59.5509,47.5038,500.0,white_sharks_acoustic
2017-06-27T00:00:00Z,-59.4643,47.5457,500.0,white_sharks_acoustic
2017-06-27T00:00:00Z,-59.7331,47.4159,500.0,white_sharks_acoustic
2017-06-27T00:00:00Z,-59.4037,47.5752,500.0,white_sharks_acoustic
2017-06-27T00:00:00Z,-59.7938,47.3868,500.0,white_sharks_acoustic
2017-06-27T00:00:00Z,-59.828,47.37,500.0,white_sharks_acoustic
2017-06-27T00:00:00Z,-59.5162,47.5206,500.0,white_sharks_acoustic
2017-06-27T00:00:00Z,-59.36,47.596,245.0,white_sharks_acoustic
2017-06-27T00:00:00Z,-59.4991,47.5289,500.0,white_sharks_acoustic
2017-06-27T00:00:00Z,-59.36,47.596,245.0,white_sharks_acoustic
2017-06-27T00:00:00Z,-59.8109,47.3784,500.0,white_sharks_acoustic
2017-06-27T00:00:00Z,-59.4643,47.5457,500.0,white_sharks_acoustic
2017-06-27T00:00:00Z,-59.438,47.5582,500.0,white_sharks_acoustic
2017-06-27T00:00:00Z,-59.438,47.5582,500.0,white_sharks_acoustic
2017-06-27T00:00:00Z,-59.7592,47.4034,500.0,white_sharks_acoustic
2017-06-27T00:00:00Z,-59.3515,47.6003,238.0,white_sharks_acoustic
2017-06-27T00:00:00Z,-59.5424,47.5079,500.0,white_sharks_acoustic
2017-06-27T00:00:00Z,-59.3774,47.5877,274.0,white_sharks_acoustic
2017-06-27T00:00:00Z,-59.5424,47.5079,500.0,white_sharks_acoustic
2017-06-27T00:00:00Z,-59.3256,47.6129,55.0,white_sharks_acoustic
2017-06-27T00:00:00Z,-59.5079,47.5246,500.0,white_sharks_acoustic
2017-06-27T00:00:00Z,-59.7331,47.4159,500.0,white_sharks_acoustic
2017-06-27T00:00:00Z,-59.4467,47.5542,500.0,white_sharks_acoustic
2017-06-27T00:00:00Z,-59.7417,47.4118,500.0,white_sharks_acoustic
2017-06-27T00:00:00Z,-59.7592,47.4034,500.0,white_sharks_acoustic
2017-06-27T00:00:00Z,-59.8023,47.3825,500.0,white_sharks_acoustic
2017-06-27T00:00:00Z,-59.3165,47.61721,37.0,white_sharks_acoustic
2017-06-27T00:00:00Z,-59.5162,47.5206,500.0,white_sharks_acoustic
2017-06-27T00:00:00Z,-59.8023,47.3825,500.0,white_sharks_acoustic
2017-06-27T00:00:00Z,-59.4295,47.5625,500.0,white_sharks_acoustic
2017-06-27T00:00:00Z,-59.3339,47.6086,126.0,white_sharks_acoustic
2017-06-27T00:00:00Z,-59.4295,47.5625,500.0,white_sharks_acoustic
2017-06-27T00:00:00Z,-59.3946,47.5793,500.0,white_sharks_acoustic
2017-06-27T00:00:00Z,-59.7763,47.3951,500.0,white_sharks_acoustic
2017-06-27T00:00:00Z,-59.7851,47.3909,500.0,white_sharks_acoustic
2017-06-27T00:00:00Z,-59.4204,47.5668,500.0,white_sharks_acoustic
2017-06-27T00:00:00Z,-59.7159,47.4243,500.0,white_sharks_acoustic
2017-06-27T00:00:00Z,-59.7676,47.3991,500.0,white_sharks_acoustic
2017-06-27T00:00:00Z,-59.4728,47.5416,500.0,white_sharks_acoustic
2017-06-27T00:00:00Z,-59.3256,47.6129,55.0,white_sharks_acoustic
2017-06-27T00:00:00Z,-59.3339,47.6086,126.0,white_sharks_acoustic
2017-06-27T00:00:00Z,-59.7938,47.3868,500.0,white_sharks_acoustic
2017-06-27T00:00:00Z,-59.5079,47.5246,500.0,white_sharks_acoustic
2017-06-27T00:00:00Z,-59.3686,47.5919,245.0,white_sharks_acoustic
2017-06-27T00:00:00Z,-59.3858,47.5836,274.0,white_sharks_acoustic
2017-06-27T00:00:00Z,-59.4991,47.5289,500.0,white_sharks_acoustic
2017-06-27T00:00:00Z,-59.5252,47.5164,500.0,white_sharks_acoustic
2017-06-27T00:00:00Z,-59.5686,47.4955,500.0,white_sharks_acoustic
2017-06-27T00:00:00Z,-59.7159,47.4243,500.0,white_sharks_acoustic
2017-06-27T00:00:00Z,-59.5602,47.4995,500.0,white_sharks_acoustic
2017-06-27T00:00:00Z,-59.3946,47.5793,500.0,white_sharks_acoustic
2017-06-27T00:00:00Z,-59.7072,47.4287,500.0,white_sharks_acoustic
2017-06-27T00:00:00Z,-59.4815,47.5374,500.0,white_sharks_acoustic
2017-06-27T00:00:00Z,-59.4553,47.55,500.0,white_sharks_acoustic
2017-06-27T00:00:00Z,-59.5336,47.5122,500.0,white_sharks_acoustic
2017-06-27T00:00:00Z,-59.3165,47.61721,37.0,white_sharks_acoustic
2017-06-27T00:00:00Z,-59.5686,47.4955,500.0,white_sharks_acoustic
2017-06-27T00:00:00Z,-59.7851,47.3909,500.0,white_sharks_acoustic
2017-06-27T00:00:00Z,-59.7505,47.4077,500.0,white_sharks_acoustic
2017-06-27T00:00:00Z,-59.7243,47.4202,500.0,white_sharks_acoustic
2017-06-27T00:00:00Z,-59.3858,47.5836,274.0,white_sharks_acoustic
2017-06-27T00:00:00Z,-59.4728,47.5416,500.0,white_sharks_acoustic
2017-06-27T00:00:00Z,-59.8197,47.3741,500.0,white_sharks_acoustic
2017-06-27T00:00:00Z,-59.3774,47.5877,274.0,white_sharks_acoustic
2017-06-27T00:00:00Z,-59.8197,47.3741,500.0,white_sharks_acoustic
2017-06-27T00:00:00Z,-59.4904,47.5332,500.0,white_sharks_acoustic
2017-07-13T00:00:00Z,-60.0009,47.2863,500.0,white_sharks_acoustic
2017-07-13T00:00:00Z,-60.0442,47.2654,500.0,white_sharks_acoustic
2017-07-13T00:00:00Z,-60.0442,47.2654,500.0,white_sharks_acoustic
2017-07-13T00:00:00Z,-59.9838,47.2947,500.0,white_sharks_acoustic
2017-07-13T00:00:00Z,-59.854,47.3574,500.0,white_sharks_acoustic
2017-07-13T00:00:00Z,-60.0009,47.2863,500.0,white_sharks_acoustic
2017-07-13T00:00:00Z,-59.8628,47.3534,500.0,white_sharks_acoustic
2017-07-13T00:00:00Z,-59.9058,47.3323,500.0,white_sharks_acoustic
2017-07-13T00:00:00Z,-59.8798,47.3448,500.0,white_sharks_acoustic
2017-07-13T00:00:00Z,-59.9231,47.3238,500.0,white_sharks_acoustic
2017-07-13T00:00:00Z,-60.0615,47.2571,500.0,white_sharks_acoustic
2017-07-13T00:00:00Z,-59.8454,47.3617,500.0,white_sharks_acoustic
2017-07-13T00:00:00Z,-59.8798,47.3448,500.0,white_sharks_acoustic
2017-07-13T00:00:00Z,-60.0873,47.2445,119.0,white_sharks_acoustic
2017-07-13T00:00:00Z,-59.9838,47.2947,500.0,white_sharks_acoustic
2017-07-13T00:00:00Z,-60.0097,47.2821,500.0,white_sharks_acoustic
2017-07-13T00:00:00Z,-59.9491,47.3116,500.0,white_sharks_acoustic
2017-07-13T00:00:00Z,-59.9318,47.3198,500.0,white_sharks_acoustic
2017-07-13T00:00:00Z,-59.9143,47.3282,500.0,white_sharks_acoustic
2017-07-13T00:00:00Z,-60.0267,47.2737,500.0,white_sharks_acoustic
2017-07-13T00:00:00Z,-59.9577,47.3073,500.0,white_sharks_acoustic
2017-07-13T00:00:00Z,-59.8712,47.3492,500.0,white_sharks_acoustic
2017-07-13T00:00:00Z,-59.9231,47.3238,500.0,white_sharks_acoustic
2017-07-13T00:00:00Z,-59.8973,47.3364,500.0,white_sharks_acoustic
2017-07-13T00:00:00Z,-60.0526,47.2613,500.0,white_sharks_acoustic
2017-07-13T00:00:00Z,-59.9924,47.2905,500.0,white_sharks_acoustic
2017-07-13T00:00:00Z,-59.9749,47.2989,500.0,white_sharks_acoustic
2017-07-13T00:00:00Z,-59.8366,47.3658,500.0,white_sharks_acoustic
2017-07-13T00:00:00Z,-59.9143,47.3282,500.0,white_sharks_acoustic
2017-07-13T00:00:00Z,-59.9491,47.3116,500.0,white_sharks_acoustic
2017-07-13T00:00:00Z,-59.9662,47.3031,500.0,white_sharks_acoustic
2017-07-13T00:00:00Z,-59.9749,47.2989,500.0,white_sharks_acoustic
2017-07-13T00:00:00Z,-59.8973,47.3364,500.0,white_sharks_acoustic
2017-07-13T00:00:00Z,-60.0526,47.2613,500.0,white_sharks_acoustic
2017-07-13T00:00:00Z,-60.0873,47.2445,119.0,white_sharks_acoustic
2017-07-13T00:00:00Z,-59.9577,47.3073,500.0,white_sharks_acoustic
2017-07-13T00:00:00Z,-59.854,47.3574,500.0,white_sharks_acoustic
2017-07-13T00:00:00Z,-60.0782,47.2487,500.0,white_sharks_acoustic
2017-07-13T00:00:00Z,-60.0097,47.2821,500.0,white_sharks_acoustic
2017-07-13T00:00:00Z,-59.8628,47.3534,500.0,white_sharks_acoustic
2017-07-13T00:00:00Z,-60.0615,47.2571,500.0,white_sharks_acoustic
2017-07-13T00:00:00Z,-59.8888,47.3408,500.0,white_sharks_acoustic
2017-07-13T00:00:00Z,-59.8366,47.3658,500.0,white_sharks_acoustic
2017-07-13T00:00:00Z,-59.9058,47.3323,500.0,white_sharks_acoustic
2017-07-13T00:00:00Z,-60.0782,47.2487,500.0,white_sharks_acoustic
2017-07-13T00:00:00Z,-59.9924,47.2905,500.0,white_sharks_acoustic
2017-07-13T00:00:00Z,-60.0181,47.2781,500.0,white_sharks_acoustic
2017-07-13T00:00:00Z,-59.8888,47.3408,500.0,white_sharks_acoustic
2017-07-13T00:00:00Z,-59.8454,47.3617,500.0,white_sharks_acoustic
2017-07-13T00:00:00Z,-59.9318,47.3198,500.0,white_sharks_acoustic
2017-07-13T00:00:00Z,-59.8712,47.3492,500.0,white_sharks_acoustic
2017-07-13T00:00:00Z,-60.0267,47.2737,500.0,white_sharks_acoustic
2017-07-13T00:00:00Z,-59.9662,47.3031,500.0,white_sharks_acoustic
2017-07-13T00:00:00Z,-60.0181,47.2781,500.0,white_sharks_acoustic
2017-07-26T00:00:00Z,-60.16544,47.18014,34.0,white_sharks_acoustic
2017-07-26T00:00:00Z,-60.16544,47.18014,34.0,white_sharks_acoustic
2017-07-26T00:00:00Z,-60.0954,47.2404,123.0,white_sharks_acoustic
2017-07-26T00:00:00Z,-60.1046,47.2362,93.0,white_sharks_acoustic
2017-07-26T00:00:00Z,-60.21686,47.1457,187.0,white_sharks_acoustic
2017-07-26T00:00:00Z,-60.18013,47.1703,183.0,white_sharks_acoustic
2017-07-26T00:00:00Z,-60.20217,47.15554,203.0,white_sharks_acoustic
2017-07-26T00:00:00Z,-60.2242,47.14077,192.0,white_sharks_acoustic
2017-07-26T00:00:00Z,-60.20951,47.15062,198.0,white_sharks_acoustic
2017-07-26T00:00:00Z,-60.17279,47.17522,100.0,white_sharks_acoustic
2017-07-26T00:00:00Z,-60.23155,47.13585,185.0,white_sharks_acoustic
2017-07-26T00:00:00Z,-60.23889,47.13093,183.0,white_sharks_acoustic
2017-07-26T00:00:00Z,-60.19482,47.16046,196.0,white_sharks_acoustic
2017-07-26T00:00:00Z,-60.18748,47.16538,187.0,white_sharks_acoustic
2017-07-26T00:00:00Z,-60.21686,47.1457,187.0,white_sharks_acoustic
2017-07-26T00:00:00Z,-60.18013,47.1703,183.0,white_sharks_acoustic
2017-07-26T00:00:00Z,-60.18748,47.16538,187.0,white_sharks_acoustic
2017-07-26T00:00:00Z,-60.0954,47.2404,123.0,white_sharks_acoustic
2017-07-26T00:00:00Z,-59.9402,47.3157,500.0,white_sharks_acoustic
2017-07-26T00:00:00Z,-60.23889,47.13093,183.0,white_sharks_acoustic
2017-07-26T00:00:00Z,-60.1216,47.2279,33.0,white_sharks_acoustic
2017-07-26T00:00:00Z,-60.20951,47.15062,198.0,white_sharks_acoustic
2017-07-26T00:00:00Z,-60.23155,47.13585,185.0,white_sharks_acoustic
2017-07-26T00:00:00Z,-60.1216,47.2279,33.0,white_sharks_acoustic
2017-07-26T00:00:00Z,-60.19482,47.16046,196.0,white_sharks_acoustic
2017-07-26T00:00:00Z,-60.2242,47.14077,192.0,white_sharks_acoustic
2017-07-26T00:00:00Z,-59.9402,47.3157,500.0,white_sharks_acoustic
2017-07-26T00:00:00Z,-60.17279,47.17522,100.0,white_sharks_acoustic
2017-07-26T00:00:00Z,-60.1313,47.2187,46.0,white_sharks_acoustic
2017-07-26T00:00:00Z,-60.1046,47.2362,93.0,white_sharks_acoustic
2017-07-26T00:00:00Z,-60.1313,47.2187,46.0,white_sharks_acoustic
2017-07-26T00:00:00Z,-60.20217,47.15554,203.0,white_sharks_acoustic
2017-10-17T00:00:00Z,-60.28296,47.10141,170.0,white_sharks_acoustic
2017-10-17T00:00:00Z,-60.34907,47.05712,154.0,white_sharks_acoustic
2017-10-17T00:00:00Z,-60.26093,47.11617,179.0,white_sharks_acoustic
2017-10-17T00:00:00Z,-60.35641,47.0522,154.0,white_sharks_acoustic
2017-10-17T00:00:00Z,-60.305,47.08664,170.0,white_sharks_acoustic
2017-10-17T00:00:00Z,-60.35641,47.0522,154.0,white_sharks_acoustic
2017-10-17T00:00:00Z,-60.31234,47.08172,160.0,white_sharks_acoustic
2017-10-17T00:00:00Z,-60.31969,47.0768,162.0,white_sharks_acoustic
2017-10-17T00:00:00Z,-60.3711,47.04235,86.0,white_sharks_acoustic
2017-10-17T00:00:00Z,-60.25358,47.12109,177.0,white_sharks_acoustic
2017-10-17T00:00:00Z,-60.26093,47.11617,179.0,white_sharks_acoustic
2017-10-17T00:00:00Z,-60.32703,47.07188,165.0,white_sharks_acoustic
2017-10-17T00:00:00Z,-60.33438,47.06696,162.0,white_sharks_acoustic
2017-10-17T00:00:00Z,-60.27562,47.10633,176.0,white_sharks_acoustic
2017-10-17T00:00:00Z,-60.31234,47.08172,160.0,white_sharks_acoustic
2017-10-17T00:00:00Z,-60.24624,47.12601,181.0,white_sharks_acoustic
2017-10-17T00:00:00Z,-60.34907,47.05712,154.0,white_sharks_acoustic
2017-10-17T00:00:00Z,-60.38579,47.03251,18.0,white_sharks_acoustic
2017-10-17T00:00:00Z,-60.3711,47.04235,86.0,white_sharks_acoustic
2017-10-17T00:00:00Z,-60.37845,47.03743,44.0,white_sharks_acoustic
2017-10-17T00:00:00Z,-60.33438,47.06696,162.0,white_sharks_acoustic
2017-10-17T00:00:00Z,-60.31969,47.0768,162.0,white_sharks_acoustic
2017-10-17T00:00:00Z,-60.36376,47.04728,154.0,white_sharks_acoustic
2017-10-17T00:00:00Z,-60.305,47.08664,170.0,white_sharks_acoustic
2017-10-17T00:00:00Z,-60.29765,47.09156,162.0,white_sharks_acoustic
2017-10-17T00:00:00Z,-60.26827,47.11125,177.0,white_sharks_acoustic
2017-10-17T00:00:00Z,-60.27562,47.10633,176.0,white_sharks_acoustic
2017-10-17T00:00:00Z,-60.37845,47.03743,44.0,white_sharks_acoustic
2017-10-17T00:00:00Z,-60.24624,47.12601,181.0,white_sharks_acoustic
2017-10-17T00:00:00Z,-60.38579,47.03251,18.0,white_sharks_acoustic
2017-10-17T00:00:00Z,-60.26827,47.11125,177.0,white_sharks_acoustic
2017-10-17T00:00:00Z,-60.29765,47.09156,162.0,white_sharks_acoustic
2017-10-17T00:00:00Z,-60.32703,47.07188,165.0,white_sharks_acoustic
2017-10-17T00:00:00Z,-60.29031,47.09649,166.0,white_sharks_acoustic
2017-10-17T00:00:00Z,-60.29031,47.09649,166.0,white_sharks_acoustic
2017-10-17T00:00:00Z,-60.28296,47.10141,170.0,white_sharks_acoustic
2017-10-17T00:00:00Z,-60.36376,47.04728,154.0,white_sharks_acoustic
2017-10-17T00:00:00Z,-60.25358,47.12109,177.0,white_sharks_acoustic
2019-05-17T00:00:00Z,-59.7072,47.4287,500.0,white_sharks_acoustic
2019-05-17T00:00:00Z,-60.0267,47.2737,500.0,white_sharks_acoustic
2019-05-17T00:00:00Z,-59.9402,47.3157,500.0,white_sharks_acoustic
2019-05-17T00:00:00Z,-60.1129,47.2319,37.0,white_sharks_acoustic
2019-05-17T00:00:00Z,-59.7072,47.4287,500.0,white_sharks_acoustic
2019-05-17T00:00:00Z,-59.9402,47.3157,500.0,white_sharks_acoustic
2019-05-17T00:00:00Z,-60.0267,47.2737,500.0,white_sharks_acoustic
2019-05-17T00:00:00Z,-60.0097,47.2821,500.0,white_sharks_acoustic
2019-05-17T00:00:00Z,-60.1129,47.2319,37.0,white_sharks_acoustic
2019-05-17T00:00:00Z,-60.0097,47.2821,500.0,white_sharks_acoustic
2019-05-18T00:00:00Z,-60.26827,47.11125,177.0,white_sharks_acoustic
2020-05-01T00:00:00Z,-60.26827,47.11125,177.0,white_sharks_acoustic
2020-05-01T00:00:00Z,-60.19482,47.16046,196.0,white_sharks_acoustic
2020-05-01T00:00:00Z,-60.25358,47.12109,177.0,white_sharks_acoustic
2020-05-01T00:00:00Z,-60.26093,47.11617,179.0,white_sharks_acoustic
2020-05-01T00:00:00Z,-60.20951,47.15062,198.0,white_sharks_acoustic
2020-05-01T00:00:00Z,-60.19482,47.16046,196.0,white_sharks_acoustic
2020-05-01T00:00:00Z,-60.20217,47.15554,203.0,white_sharks_acoustic
2020-05-01T00:00:00Z,-60.2242,47.14077,192.0,white_sharks_acoustic
2020-05-01T00:00:00Z,-60.27562,47.10633,176.0,white_sharks_acoustic
2020-05-01T00:00:00Z,-60.18748,47.16538,187.0,white_sharks_acoustic
2020-05-01T00:00:00Z,-60.27562,47.10633,176.0,white_sharks_acoustic
2020-05-01T00:00:00Z,-60.20217,47.15554,203.0,white_sharks_acoustic
2020-05-01T00:00:00Z,-60.26093,47.11617,179.0,white_sharks_acoustic
2020-05-01T00:00:00Z,-60.23889,47.13093,183.0,white_sharks_acoustic
2020-05-01T00:00:00Z,-60.23889,47.13093,183.0,white_sharks_acoustic
2020-05-01T00:00:00Z,-60.16544,47.18014,34.0,white_sharks_acoustic
2020-05-01T00:00:00Z,-60.26827,47.11125,177.0,white_sharks_acoustic
2020-05-01T00:00:00Z,-60.21686,47.1457,187.0,white_sharks_acoustic
2020-05-01T00:00:00Z,-60.25358,47.12109,177.0,white_sharks_acoustic
2020-05-01T00:00:00Z,-60.17279,47.17522,100.0,white_sharks_acoustic
2020-05-01T00:00:00Z,-60.21686,47.1457,187.0,white_sharks_acoustic
2020-05-01T00:00:00Z,-60.2242,47.14077,192.0,white_sharks_acoustic
2020-05-01T00:00:00Z,-60.17279,47.17522,100.0,white_sharks_acoustic
2020-05-01T00:00:00Z,-60.18013,47.1703,183.0,white_sharks_acoustic
2020-05-01T00:00:00Z,-60.24624,47.12601,181.0,white_sharks_acoustic
2020-05-01T00:00:00Z,-60.18013,47.1703,183.0,white_sharks_acoustic
2020-05-01T00:00:00Z,-60.20951,47.15062,198.0,white_sharks_acoustic
2020-05-01T00:00:00Z,-60.24624,47.12601,181.0,white_sharks_acoustic
2020-05-01T00:00:00Z,-60.16544,47.18014,34.0,white_sharks_acoustic
2020-05-01T00:00:00Z,-60.18748,47.16538,187.0,white_sharks_acoustic
2020-05-03T00:00:00Z,-60.31234,47.08172,160.0,white_sharks_acoustic
2020-05-03T00:00:00Z,-60.31234,47.08172,160.0,white_sharks_acoustic
2020-05-03T00:00:00Z,-60.29031,47.09649,166.0,white_sharks_acoustic
2020-05-03T00:00:00Z,-60.31969,47.0768,162.0,white_sharks_acoustic
2020-05-03T00:00:00Z,-60.29031,47.09649,166.0,white_sharks_acoustic
2020-05-03T00:00:00Z,-60.35641,47.0522,154.0,white_sharks_acoustic
2020-05-03T00:00:00Z,-60.36376,47.04728,154.0,white_sharks_acoustic
2020-05-03T00:00:00Z,-60.3711,47.04235,86.0,white_sharks_acoustic
2020-05-03T00:00:00Z,-60.34907,47.05712,154.0,white_sharks_acoustic
2020-05-03T00:00:00Z,-60.31969,47.0768,162.0,white_sharks_acoustic
2020-05-03T00:00:00Z,-60.37845,47.03743,44.0,white_sharks_acoustic
2020-05-03T00:00:00Z,-60.3711,47.04235,86.0,white_sharks_acoustic
2020-05-03T00:00:00Z,-60.35641,47.0522,154.0,white_sharks_acoustic
2020-05-03T00:00:00Z,-60.29765,47.09156,162.0,white_sharks_acoustic
2020-05-03T00:00:00Z,-60.36376,47.04728,154.0,white_sharks_acoustic
2020-05-03T00:00:00Z,-60.33438,47.06696,162.0,white_sharks_acoustic
2020-05-03T00:00:00Z,-60.34907,47.05712,154.0,white_sharks_acoustic
2020-05-03T00:00:00Z,-60.34172,47.06204,159.0,white_sharks_acoustic
2020-05-03T00:00:00Z,-60.305,47.08664,170.0,white_sharks_acoustic
2020-05-03T00:00:00Z,-60.305,47.08664,170.0,white_sharks_acoustic
2020-05-03T00:00:00Z,-60.38579,47.03251,18.0,white_sharks_acoustic
2020-05-03T00:00:00Z,-60.33438,47.06696,162.0,white_sharks_acoustic
2020-05-03T00:00:00Z,-60.29765,47.09156,162.0,white_sharks_acoustic
2020-05-03T00:00:00Z,-60.38579,47.03251,18.0,white_sharks_acoustic
2020-05-03T00:00:00Z,-60.34172,47.06204,159.0,white_sharks_acoustic
2020-05-03T00:00:00Z,-60.32703,47.07188,165.0,white_sharks_acoustic
2020-05-03T00:00:00Z,-60.37845,47.03743,44.0,white_sharks_acoustic
2020-05-03T00:00:00Z,-60.32703,47.07188,165.0,white_sharks_acoustic
2022-06-30T00:00:00Z,-59.3686,47.5919,245.0,white_sharks_acoustic
2022-06-30T00:00:00Z,-59.4121,47.571,500.0,white_sharks_acoustic
2022-06-30T00:00:00Z,-59.4991,47.5289,500.0,white_sharks_acoustic
2022-06-30T00:00:00Z,-59.4553,47.55,500.0,white_sharks_acoustic
2022-06-30T00:00:00Z,-59.5079,47.5246,500.0,white_sharks_acoustic
2022-06-30T00:00:00Z,-59.5424,47.5079,500.0,white_sharks_acoustic
2022-06-30T00:00:00Z,-59.4904,47.5332,500.0,white_sharks_acoustic
2022-06-30T00:00:00Z,-59.4643,47.5457,500.0,white_sharks_acoustic
2022-06-30T00:00:00Z,-59.3339,47.6086,126.0,white_sharks_acoustic
2022-06-30T00:00:00Z,-59.5509,47.5038,500.0,white_sharks_acoustic
2022-06-30T00:00:00Z,-59.4815,47.5374,500.0,white_sharks_acoustic
2022-06-30T00:00:00Z,-59.5602,47.4995,500.0,white_sharks_acoustic
2022-06-30T00:00:00Z,-59.5336,47.5122,500.0,white_sharks_acoustic
2022-06-30T00:00:00Z,-59.4728,47.5416,500.0,white_sharks_acoustic
2022-06-30T00:00:00Z,-59.5079,47.5246,500.0,white_sharks_acoustic
2022-06-30T00:00:00Z,-59.3774,47.5877,274.0,white_sharks_acoustic
2022-06-30T00:00:00Z,-59.3858,47.5836,274.0,white_sharks_acoustic
2022-06-30T00:00:00Z,-59.4121,47.571,500.0,white_sharks_acoustic
2022-06-30T00:00:00Z,-59.3686,47.5919,245.0,white_sharks_acoustic
2022-06-30T00:00:00Z,-59.5686,47.4955,500.0,white_sharks_acoustic
2022-06-30T00:00:00Z,-59.3946,47.5793,500.0,white_sharks_acoustic
2022-06-30T00:00:00Z,-59.3774,47.5877,274.0,white_sharks_acoustic
2022-06-30T00:00:00Z,-59.5252,47.5164,500.0,white_sharks_acoustic
2022-06-30T00:00:00Z,-59.4204,47.5668,500.0,white_sharks_acoustic
2022-06-30T00:00:00Z,-59.4991,47.5289,500.0,white_sharks_acoustic
2022-06-30T00:00:00Z,-59.5424,47.5079,500.0,white_sharks_acoustic
2022-06-30T00:00:00Z,-59.4728,47.5416,500.0,white_sharks_acoustic
2022-06-30T00:00:00Z,-59.3256,47.6129,55.0,white_sharks_acoustic
2022-06-30T00:00:00Z,-59.5162,47.5206,500.0,white_sharks_acoustic
2022-06-30T00:00:00Z,-59.3165,47.61721,37.0,white_sharks_acoustic
2022-06-30T00:00:00Z,-59.3256,47.6129,55.0,white_sharks_acoustic
2022-06-30T00:00:00Z,-59.5336,47.5122,500.0,white_sharks_acoustic
2022-06-30T00:00:00Z,-59.4553,47.55,500.0,white_sharks_acoustic
2022-06-30T00:00:00Z,-59.4295,47.5625,500.0,white_sharks_acoustic
2022-06-30T00:00:00Z,-59.438,47.5582,500.0,white_sharks_acoustic
2022-06-30T00:00:00Z,-59.5252,47.5164,500.0,white_sharks_acoustic
2022-06-30T00:00:00Z,-59.4815,47.5374,500.0,white_sharks_acoustic
2022-06-30T00:00:00Z,-59.3946,47.5793,500.0,white_sharks_acoustic
2022-06-30T00:00:00Z,-59.4467,47.5542,500.0,white_sharks_acoustic
2022-06-30T00:00:00Z,-59.5686,47.4955,500.0,white_sharks_acoustic
2022-06-30T00:00:00Z,-59.5162,47.5206,500.0,white_sharks_acoustic
2022-06-30T00:00:00Z,-59.36,47.596,245.0,white_sharks_acoustic
2022-06-30T00:00:00Z,-59.3425,47.6043,161.0,white_sharks_acoustic
2022-06-30T00:00:00Z,-59.4295,47.5625,500.0,white_sharks_acoustic
2022-06-30T00:00:00Z,-59.4467,47.5542,500.0,white_sharks_acoustic
2022-06-30T00:00:00Z,-59.3339,47.6086,126.0,white_sharks_acoustic
2022-06-30T00:00:00Z,-59.4643,47.5457,500.0,white_sharks_acoustic
2022-06-30T00:00:00Z,-59.4204,47.5668,500.0,white_sharks_acoustic
2022-06-30T00:00:00Z,-59.3515,47.6003,238.0,white_sharks_acoustic
2022-06-30T00:00:00Z,-59.4037,47.5752,500.0,white_sharks_acoustic
2022-06-30T00:00:00Z,-59.4904,47.5332,500.0,white_sharks_acoustic
2022-06-30T00:00:00Z,-59.5509,47.5038,500.0,white_sharks_acoustic
2022-06-30T00:00:00Z,-59.438,47.5582,500.0,white_sharks_acoustic
2022-06-30T00:00:00Z,-59.3425,47.6043,161.0,white_sharks_acoustic
2022-06-30T00:00:00Z,-59.4037,47.5752,500.0,white_sharks_acoustic
2022-06-30T00:00:00Z,-59.3515,47.6003,238.0,white_sharks_acoustic
2022-06-30T00:00:00Z,-59.5602,47.4995,500.0,white_sharks_acoustic
2022-06-30T00:00:00Z,-59.36,47.596,245.0,white_sharks_acoustic
2022-07-14T00:00:00Z,-59.6898,47.437,500.0,white_sharks_acoustic
2022-07-14T00:00:00Z,-59.5943,47.4828,500.0,white_sharks_acoustic
2022-07-14T00:00:00Z,-59.7072,47.4287,500.0,white_sharks_acoustic
2022-07-14T00:00:00Z,-59.6898,47.437,500.0,white_sharks_acoustic
2022-07-14T00:00:00Z,-59.603,47.4788,500.0,white_sharks_acoustic
2022-07-14T00:00:00Z,-59.6724,47.4453,500.0,white_sharks_acoustic
2022-07-14T00:00:00Z,-59.6378,47.4622,500.0,white_sharks_acoustic
2022-07-14T00:00:00Z,-59.6463,47.4577,500.0,white_sharks_acoustic
2022-07-14T00:00:00Z,-59.5771,47.4911,500.0,white_sharks_acoustic
2022-07-14T00:00:00Z,-59.6119,47.4745,500.0,white_sharks_acoustic
2022-07-14T00:00:00Z,-59.7243,47.4202,500.0,white_sharks_acoustic
2022-07-14T00:00:00Z,-59.5861,47.487,500.0,white_sharks_acoustic
2022-07-14T00:00:00Z,-59.5771,47.4911,500.0,white_sharks_acoustic
2022-07-14T00:00:00Z,-59.6724,47.4453,500.0,white_sharks_acoustic
2022-07-14T00:00:00Z,-59.629,47.4662,500.0,white_sharks_acoustic
2022-07-14T00:00:00Z,-59.6378,47.4622,500.0,white_sharks_acoustic
2022-07-14T00:00:00Z,-59.6204,47.4703,500.0,white_sharks_acoustic
2022-07-14T00:00:00Z,-59.6119,47.4745,500.0,white_sharks_acoustic
2022-07-14T00:00:00Z,-59.7417,47.4118,500.0,white_sharks_acoustic
2022-07-14T00:00:00Z,-59.6637,47.4494,500.0,white_sharks_acoustic
2022-07-14T00:00:00Z,-59.7159,47.4243,500.0,white_sharks_acoustic
2022-07-14T00:00:00Z,-59.629,47.4662,500.0,white_sharks_acoustic
2022-07-14T00:00:00Z,-59.603,47.4788,500.0,white_sharks_acoustic
2022-07-14T00:00:00Z,-59.7243,47.4202,500.0,white_sharks_acoustic
2022-07-14T00:00:00Z,-59.5861,47.487,500.0,white_sharks_acoustic
2022-07-14T00:00:00Z,-59.681,47.4412,500.0,white_sharks_acoustic
2022-07-14T00:00:00Z,-59.7072,47.4287,500.0,white_sharks_acoustic
2022-07-14T00:00:00Z,-59.6204,47.4703,500.0,white_sharks_acoustic
2022-07-14T00:00:00Z,-59.6984,47.4329,500.0,white_sharks_acoustic
2022-07-14T00:00:00Z,-59.6463,47.4577,500.0,white_sharks_acoustic
2022-07-14T00:00:00Z,-59.681,47.4412,500.0,white_sharks_acoustic
2022-07-14T00:00:00Z,-59.7331,47.4159,500.0,white_sharks_acoustic
2022-07-14T00:00:00Z,-59.7417,47.4118,500.0,white_sharks_acoustic
2022-07-14T00:00:00Z,-59.7331,47.4159,500.0,white_sharks_acoustic
2022-07-14T00:00:00Z,-59.6984,47.4329,500.0,white_sharks_acoustic
2022-07-14T00:00:00Z,-59.655,47.4537,500.0,white_sharks_acoustic
2022-07-14T00:00:00Z,-59.6637,47.4494,500.0,white_sharks_acoustic
2022-07-14T00:00:00Z,-59.7159,47.4243,500.0,white_sharks_acoustic
2022-07-14T00:00:00Z,-59.655,47.4537,500.0,white_sharks_acoustic
2022-07-14T00:00:00Z,-59.5943,47.4828,500.0,white_sharks_acoustic
2022-08-12T00:00:00Z,-60.0526,47.2613,500.0,white_sharks_acoustic
2022-08-12T00:00:00Z,-60.0526,47.2613,500.0,white_sharks_acoustic
2022-08-12T00:00:00Z,-59.9491,47.3116,500.0,white_sharks_acoustic
2022-08-12T00:00:00Z,-60.0181,47.2781,500.0,white_sharks_acoustic
2022-08-12T00:00:00Z,-59.9662,47.3031,500.0,white_sharks_acoustic
2022-08-12T00:00:00Z,-59.9318,47.3198,500.0,white_sharks_acoustic
2022-08-12T00:00:00Z,-60.0181,47.2781,500.0,white_sharks_acoustic
2022-08-12T00:00:00Z,-60.0352,47.2696,500.0,white_sharks_acoustic
2022-08-12T00:00:00Z,-59.8712,47.3492,500.0,white_sharks_acoustic
2022-08-12T00:00:00Z,-60.0009,47.2863,500.0,white_sharks_acoustic
2022-08-12T00:00:00Z,-60.1313,47.2187,46.0,white_sharks_acoustic
2022-08-12T00:00:00Z,-59.9662,47.3031,500.0,white_sharks_acoustic
2022-08-12T00:00:00Z,-59.9577,47.3073,500.0,white_sharks_acoustic
2022-08-12T00:00:00Z,-59.9318,47.3198,500.0,white_sharks_acoustic
2022-08-12T00:00:00Z,-59.9491,47.3116,500.0,white_sharks_acoustic
2022-08-12T00:00:00Z,-60.0615,47.2571,500.0,white_sharks_acoustic
2022-08-12T00:00:00Z,-60.0697,47.2531,500.0,white_sharks_acoustic
2022-08-12T00:00:00Z,-60.0782,47.2487,500.0,white_sharks_acoustic
2022-08-12T00:00:00Z,-59.9402,47.3157,500.0,white_sharks_acoustic
2022-08-12T00:00:00Z,-59.8798,47.3448,500.0,white_sharks_acoustic
2022-08-12T00:00:00Z,-60.0267,47.2737,500.0,white_sharks_acoustic
2022-08-12T00:00:00Z,-59.9058,47.3323,500.0,white_sharks_acoustic
2022-08-12T00:00:00Z,-59.8973,47.3364,500.0,white_sharks_acoustic
2022-08-12T00:00:00Z,-60.1046,47.2362,93.0,white_sharks_acoustic
2022-08-12T00:00:00Z,-60.1046,47.2362,93.0,white_sharks_acoustic
2022-08-12T00:00:00Z,-60.0097,47.2821,500.0,white_sharks_acoustic
2022-08-12T00:00:00Z,-59.9838,47.2947,500.0,white_sharks_acoustic
2022-08-12T00:00:00Z,-59.9058,47.3323,500.0,white_sharks_acoustic
2022-08-12T00:00:00Z,-60.0697,47.2531,500.0,white_sharks_acoustic
2022-08-12T00:00:00Z,-59.9231,47.3238,500.0,white_sharks_acoustic
2022-08-12T00:00:00Z,-60.1216,47.2279,33.0,white_sharks_acoustic
2022-08-12T00:00:00Z,-59.9924,47.2905,500.0,white_sharks_acoustic
2022-08-12T00:00:00Z,-59.8628,47.3534,500.0,white_sharks_acoustic
2022-08-12T00:00:00Z,-60.1129,47.2319,37.0,white_sharks_acoustic
2022-08-12T00:00:00Z,-59.8973,47.3364,500.0,white_sharks_acoustic
2022-08-12T00:00:00Z,-59.8712,47.3492,500.0,white_sharks_acoustic
2022-08-12T00:00:00Z,-60.0782,47.2487,500.0,white_sharks_acoustic
2022-08-12T00:00:00Z,-60.0442,47.2654,500.0,white_sharks_acoustic
2022-08-12T00:00:00Z,-60.1283,47.2247,66.0,white_sharks_acoustic
2022-08-12T00:00:00Z,-59.9749,47.2989,500.0,white_sharks_acoustic
2022-08-12T00:00:00Z,-60.0009,47.2863,500.0,white_sharks_acoustic
2022-08-12T00:00:00Z,-59.9402,47.3157,500.0,white_sharks_acoustic
2022-08-12T00:00:00Z,-59.9143,47.3282,500.0,white_sharks_acoustic
2022-08-12T00:00:00Z,-60.1283,47.2247,66.0,white_sharks_acoustic
2022-08-12T00:00:00Z,-59.8888,47.3408,500.0,white_sharks_acoustic
2022-08-12T00:00:00Z,-60.1129,47.2319,37.0,white_sharks_acoustic
2022-08-12T00:00:00Z,-59.8888,47.3408,500.0,white_sharks_acoustic
2022-08-12T00:00:00Z,-60.0267,47.2737,500.0,white_sharks_acoustic
2022-08-12T00:00:00Z,-60.0097,47.2821,500.0,white_sharks_acoustic
2022-08-12T00:00:00Z,-60.0352,47.2696,500.0,white_sharks_acoustic
2022-08-12T00:00:00Z,-60.1046,47.2362,93.0,white_sharks_acoustic
2022-08-12T00:00:00Z,-59.9577,47.3073,500.0,white_sharks_acoustic
2022-08-12T00:00:00Z,-59.9143,47.3282,500.0,white_sharks_acoustic
2022-08-12T00:00:00Z,-59.9924,47.2905,500.0,white_sharks_acoustic
2022-08-12T00:00:00Z,-60.0873,47.2445,119.0,white_sharks_acoustic
2022-08-12T00:00:00Z,-60.0442,47.2654,500.0,white_sharks_acoustic
2022-08-12T00:00:00Z,-59.8628,47.3534,500.0,white_sharks_acoustic
2022-08-12T00:00:00Z,-60.1313,47.2187,46.0,white_sharks_acoustic
2022-08-12T00:00:00Z,-60.0954,47.2404,123.0,white_sharks_acoustic
2022-08-12T00:00:00Z,-59.9838,47.2947,500.0,white_sharks_acoustic
2022-08-12T00:00:00Z,-60.0873,47.2445,119.0,white_sharks_acoustic
2022-08-12T00:00:00Z,-59.9749,47.2989,500.0,white_sharks_acoustic
2022-08-12T00:00:00Z,-60.0954,47.2404,123.0,white_sharks_acoustic
2022-08-12T00:00:00Z,-59.8798,47.3448,500.0,white_sharks_acoustic
2022-08-12T00:00:00Z,-59.9231,47.3238,500.0,white_sharks_acoustic
2022-08-12T00:00:00Z,-60.0615,47.2571,500.0,white_sharks_acoustic
2022-08-12T00:00:00Z,-60.1216,47.2279,33.0,white_sharks_acoustic
2022-10-22T00:00:00Z,-59.8023,47.3825,500.0,white_sharks_acoustic
2022-10-22T00:00:00Z,-59.7938,47.3868,500.0,white_sharks_acoustic
2022-10-22T00:00:00Z,-59.8197,47.3741,500.0,white_sharks_acoustic
2022-10-22T00:00:00Z,-59.8197,47.3741,500.0,white_sharks_acoustic
2022-10-22T00:00:00Z,-59.828,47.37,500.0,white_sharks_acoustic
2022-10-22T00:00:00Z,-59.7592,47.4034,500.0,white_sharks_acoustic
2022-10-22T00:00:00Z,-59.7763,47.3951,500.0,white_sharks_acoustic
2022-10-22T00:00:00Z,-59.8454,47.3617,500.0,white_sharks_acoustic
2022-10-22T00:00:00Z,-59.8366,47.3658,500.0,white_sharks_acoustic
2022-10-22T00:00:00Z,-59.8109,47.3784,500.0,white_sharks_acoustic
2022-10-22T00:00:00Z,-59.7505,47.4077,500.0,white_sharks_acoustic
2022-10-22T00:00:00Z,-59.7851,47.3909,500.0,white_sharks_acoustic
2022-10-22T00:00:00Z,-59.828,47.37,500.0,white_sharks_acoustic
2022-10-22T00:00:00Z,-59.7763,47.3951,500.0,white_sharks_acoustic
2022-10-22T00:00:00Z,-59.7592,47.4034,500.0,white_sharks_acoustic
2022-10-22T00:00:00Z,-59.7938,47.3868,500.0,white_sharks_acoustic
2022-10-22T00:00:00Z,-59.7851,47.3909,500.0,white_sharks_acoustic
2022-10-22T00:00:00Z,-59.7505,47.4077,500.0,white_sharks_acoustic
2022-10-22T00:00:00Z,-60.23155,47.13585,185.0,white_sharks_acoustic
2022-10-22T00:00:00Z,-60.23155,47.13585,185.0,white_sharks_acoustic
2022-10-22T00:00:00Z,-59.854,47.3574,500.0,white_sharks_acoustic
2022-10-22T00:00:00Z,-59.8109,47.3784,500.0,white_sharks_acoustic
2022-10-22T00:00:00Z,-59.7676,47.3991,500.0,white_sharks_acoustic
2022-10-22T00:00:00Z,-59.8366,47.3658,500.0,white_sharks_acoustic
2022-10-22T00:00:00Z,-59.854,47.3574,500.0,white_sharks_acoustic
2022-10-22T00:00:00Z,-59.8023,47.3825,500.0,white_sharks_acoustic
2022-10-22T00:00:00Z,-59.7676,47.3991,500.0,white_sharks_acoustic
2022-10-22T00:00:00Z,-59.8454,47.3617,500.0,white_sharks_acoustic
2023-10-27T00:00:00Z,-60.26827,47.11125,177.0,white_sharks_acoustic
2023-10-27T00:00:00Z,-60.3711,47.04235,86.0,white_sharks_acoustic
2023-10-27T00:00:00Z,-60.33438,47.06696,162.0,white_sharks_acoustic
2023-10-27T00:00:00Z,-60.29765,47.09156,162.0,white_sharks_acoustic
2023-10-27T00:00:00Z,-60.38579,47.03251,18.0,white_sharks_acoustic
2023-10-27T00:00:00Z,-60.27562,47.10633,176.0,white_sharks_acoustic
2023-10-27T00:00:00Z,-60.35641,47.0522,154.0,white_sharks_acoustic
2023-10-27T00:00:00Z,-60.34907,47.05712,154.0,white_sharks_acoustic
2023-10-27T00:00:00Z,-60.31969,47.0768,162.0,white_sharks_acoustic
2023-10-27T00:00:00Z,-60.31969,47.0768,162.0,white_sharks_acoustic
2023-10-27T00:00:00Z,-60.26093,47.11617,179.0,white_sharks_acoustic
2023-10-27T00:00:00Z,-60.3711,47.04235,86.0,white_sharks_acoustic
2023-10-27T00:00:00Z,-60.29765,47.09156,162.0,white_sharks_acoustic
2023-10-27T00:00:00Z,-60.36376,47.04728,154.0,white_sharks_acoustic
2023-10-27T00:00:00Z,-60.28296,47.10141,170.0,white_sharks_acoustic
2023-10-27T00:00:00Z,-60.27562,47.10633,176.0,white_sharks_acoustic
2023-10-27T00:00:00Z,-60.26093,47.11617,179.0,white_sharks_acoustic
2023-10-27T00:00:00Z,-60.29031,47.09649,166.0,white_sharks_acoustic
2023-10-27T00:00:00Z,-60.34172,47.06204,159.0,white_sharks_acoustic
2023-10-27T00:00:00Z,-60.34907,47.05712,154.0,white_sharks_acoustic
2023-10-27T00:00:00Z,-60.28296,47.10141,170.0,white_sharks_acoustic
2023-10-27T00:00:00Z,-60.36376,47.04728,154.0,white_sharks_acoustic
2023-10-27T00:00:00Z,-60.35641,47.0522,154.0,white_sharks_acoustic
2023-10-27T00:00:00Z,-60.37845,47.03743,44.0,white_sharks_acoustic
2023-10-27T00:00:00Z,-60.34172,47.06204,159.0,white_sharks_acoustic
2023-10-27T00:00:00Z,-60.26827,47.11125,177.0,white_sharks_acoustic
2023-10-27T00:00:00Z,-60.29031,47.09649,166.0,white_sharks_acoustic
2023-10-27T00:00:00Z,-60.37845,47.03743,44.0,white_sharks_acoustic
2023-10-27T00:00:00Z,-60.38579,47.03251,18.0,white_sharks_acoustic
2023-10-27T00:00:00Z,-60.33438,47.06696,162.0,white_sharks_acoustic
2025-05-16T00:00:00Z,-60.20217,47.15554,203.0,white_sharks_acoustic
2025-05-16T00:00:00Z,-60.19482,47.16046,196.0,white_sharks_acoustic
2025-05-16T00:00:00Z,-60.19482,47.16046,196.0,white_sharks_acoustic
2025-05-16T00:00:00Z,-60.32703,47.07188,165.0,white_sharks_acoustic
2025-05-16T00:00:00Z,-60.25358,47.12109,177.0,white_sharks_acoustic
2025-05-16T00:00:00Z,-60.16544,47.18014,34.0,white_sharks_acoustic
2025-05-16T00:00:00Z,-60.23889,47.13093,183.0,white_sharks_acoustic
2025-05-16T00:00:00Z,-60.20951,47.15062,198.0,white_sharks_acoustic
2025-05-16T00:00:00Z,-60.18748,47.16538,187.0,white_sharks_acoustic
2025-05-16T00:00:00Z,-60.31234,47.08172,160.0,white_sharks_acoustic
2025-05-16T00:00:00Z,-60.23155,47.13585,185.0,white_sharks_acoustic
2025-05-16T00:00:00Z,-60.305,47.08664,170.0,white_sharks_acoustic
2025-05-16T00:00:00Z,-60.24624,47.12601,181.0,white_sharks_acoustic
,-60.29197,47.0952,165.0,white_sharks_acoustic
,-60.29306,47.09463,164.0,white_sharks_acoustic
,-60.38704,47.03143,13.0,white_sharks_acoustic
,-60.2939,47.09402,162.0,white_sharks_acoustic
